year,km_driven,transmission,owner,fuel_Other,fuel_Petrol,seller_type_Individual,seller_type_Trustmark Dealer
2007,85000,0,2,0,1,1,0
2006,140300,0,1,0,1,1,0
2018,60000,0,1,0,1,1,0
2007,58000,0,2,0,0,0,0
2008,60000,0,2,0,1,1,0
2013,90010,0,2,0,0,0,0
2016,25000,0,2,0,1,1,0
2007,65000,0,1,0,1,0,0
2020,5000,0,1,0,1,1,0
2017,120000,0,1,0,0,1,0
2019,15000,0,1,0,1,1,0
2010,46000,1,1,0,0,1,0
2009,27005,0,1,0,1,0,0
2014,39093,0,1,0,1,0,0
2018,15000,0,1,0,1,1,0
2007,160000,0,2,0,0,1,0
2013,63654,0,1,0,0,0,0
2004,120000,0,2,0,1,1,0
2015,43000,0,1,0,1,0,0
2015,4432,1,2,0,1,0,0
2011,60000,0,1,0,1,1,0
2016,32000,1,1,0,1,0,0
2007,80000,0,2,0,1,1,0
2011,70000,0,1,0,1,1,0
2014,49654,0,1,0,0,0,0
2017,8352,0,1,0,1,0,0
2017,50000,0,1,0,0,1,0
2017,35000,0,1,0,0,1,0
2018,30000,1,2,0,0,1,0
2019,20000,0,1,0,0,1,0
2016,60000,0,1,0,1,1,0
2008,56000,0,2,0,1,1,0
2019,60000,1,1,0,0,0,0
2019,10000,0,1,0,1,1,0
2006,120000,0,4,0,0,1,0
2012,35000,0,2,0,1,1,0
2014,146000,0,1,0,0,1,0
2009,15000,0,1,0,1,1,0
2002,40000,0,4,0,1,1,0
2018,60000,0,1,0,0,1,0
2008,120000,0,2,0,0,1,0
2015,100000,0,1,0,0,1,0
2010,60000,0,2,0,1,1,0
2009,100000,0,3,0,0,1,0
2003,54000,0,1,0,1,1,0
2014,80000,0,2,0,0,1,0
2017,20000,0,1,0,1,1,0
2014,120000,0,3,0,0,1,0
2012,70000,0,2,0,0,1,0
2016,74000,1,1,0,0,1,0
2013,42000,0,3,0,1,1,0
2009,250000,0,2,0,1,1,0
2016,105000,0,2,0,0,1,0
2013,60000,0,1,0,1,1,0
2017,50000,0,1,0,0,1,0
2012,29900,0,1,0,1,1,0
2013,50000,0,1,0,1,1,0
2017,60000,0,1,0,0,1,0
2016,30000,0,1,0,1,1,0
2015,170000,0,1,0,0,1,0
2015,55340,0,1,0,1,0,1
2003,100000,0,2,0,0,1,0
2013,43128,0,1,0,0,0,0
2012,85962,0,2,0,1,0,0
2017,60000,0,1,0,0,1,0
2010,120000,0,2,0,0,1,0
2017,40000,1,1,0,0,1,0
2014,156000,0,1,0,0,1,0
2011,50000,0,2,0,0,1,0
2018,10000,0,1,0,1,0,0
2010,110000,0,3,0,0,1,0
2013,35000,0,1,0,1,1,0
2009,50000,0,1,0,1,1,0
2016,56000,0,1,0,0,0,0
2018,35000,0,1,0,0,1,0
2010,42000,0,1,0,1,1,0
2014,66000,0,1,0,1,0,0
2008,70000,0,3,0,1,1,0
2016,70000,1,1,0,0,1,0
2018,38217,0,1,0,0,1,0
2007,90000,0,4,0,1,1,0
2008,100000,0,1,0,1,1,0
2011,70000,0,2,0,1,1,0
2019,15000,1,2,0,1,1,0
2014,56600,0,1,1,0,0,0
2011,28481,0,1,0,1,0,0
2001,60000,0,3,0,1,1,0
2017,53000,0,1,0,1,1,0
2012,20778,0,1,0,1,0,0
2008,90000,0,2,0,1,1,0
2019,9000,0,1,0,1,1,0
2013,96987,0,1,0,1,0,0
2017,85441,0,1,0,0,0,0
2006,60000,0,2,0,1,1,0
2007,60000,0,2,0,1,1,0
2014,100000,0,2,0,0,1,0
2019,20000,0,1,0,1,1,0
2017,30000,1,1,0,0,1,0
2011,157000,0,1,0,1,1,0
2011,54206,0,1,0,1,0,0
2012,90000,0,1,1,0,1,0
2006,120000,0,2,0,1,1,0
2017,40000,0,1,0,1,1,0
2013,35000,0,1,0,0,1,0
2020,1500,0,1,0,1,1,0
2012,120000,0,1,0,0,1,0
2012,120000,0,2,0,0,1,0
2007,54000,1,2,0,1,1,0
2010,100000,0,2,0,0,1,0
2017,24000,0,1,0,0,1,0
2014,55000,0,1,0,1,0,0
2014,29654,0,1,0,1,0,1
2015,110000,0,1,0,0,1,0
2017,70000,0,2,0,1,1,0
2015,120000,0,2,0,0,1,0
2010,60000,0,3,0,0,1,0
2011,43100,0,1,0,1,0,0
2018,8500,0,1,0,1,1,0
2011,120000,0,2,0,0,1,0
2012,90000,0,4,0,0,1,0
2017,9745,1,1,0,1,0,0
2015,55340,0,1,0,1,1,0
2010,185000,0,1,0,0,1,0
2018,20000,0,1,0,0,1,0
2011,70000,0,2,0,0,1,0
2014,80000,0,1,0,1,1,0
2018,26350,0,1,0,0,1,0
2008,60000,0,3,0,0,1,0
2010,58850,0,1,0,1,0,0
2012,86000,0,2,0,0,1,0
2016,28643,0,1,0,1,0,0
2009,90000,0,1,0,1,1,0
2006,110000,0,3,0,1,1,0
2015,90000,0,1,0,1,1,0
2017,15000,0,1,0,1,1,0
2011,40000,0,1,0,1,1,0
2016,85000,0,1,0,0,1,0
2018,27000,0,1,0,1,1,0
2017,40000,1,1,0,1,1,0
2015,60000,0,1,0,0,1,0
2016,41000,0,1,0,1,0,0
2010,110000,0,2,0,1,1,0
2011,175000,0,1,0,0,1,0
2017,30000,0,1,0,0,1,0
2019,60000,0,1,0,0,1,0
2011,97000,1,2,0,1,0,0
2012,160000,0,2,0,0,1,0
2012,80000,0,1,0,0,1,0
2019,14000,0,1,0,0,0,0
2005,221000,0,3,0,0,1,0
2007,80000,0,2,0,0,1,0
2019,40000,0,1,0,0,1,0
2013,20000,0,1,0,1,1,0
2014,82000,0,2,0,1,0,0
2015,89000,0,1,0,0,1,0
2010,50000,0,2,0,1,1,0
2018,8000,0,1,0,1,1,0
2007,60000,0,1,0,0,1,0
2010,124000,0,2,0,0,1,0
2005,80000,0,1,0,1,1,0
2017,39000,0,1,0,0,1,0
2008,90000,0,3,0,1,1,0
2018,22000,1,1,0,1,0,0
2015,92198,0,2,0,1,0,0
2015,60000,1,1,0,0,0,0
2014,76000,0,2,0,1,1,0
2018,28000,0,1,0,1,0,0
2013,58500,1,1,0,0,0,0
2009,80000,0,3,0,1,1,0
2019,1100,1,1,0,1,1,0
2006,60000,0,2,0,1,1,0
2018,2500,0,1,0,1,1,0
2016,70000,0,1,0,0,1,0
2015,90000,0,2,0,1,1,0
2018,68458,0,1,0,1,0,0
2010,70000,0,1,0,1,1,0
2017,90000,0,1,0,0,1,0
2016,45217,0,1,0,0,0,0
2016,30000,0,1,0,1,1,0
2010,120000,0,2,0,1,1,0
2011,50000,0,3,0,1,1,0
2018,50852,0,1,0,1,1,0
2018,35000,0,1,0,0,1,0
2010,100000,0,3,0,0,1,0
2009,60000,0,2,0,1,1,0
2006,120000,0,3,0,0,1,0
2009,66000,0,1,0,0,1,0
2020,5000,0,1,0,0,1,0
2014,100000,0,1,0,0,1,0
2012,155836,0,2,0,0,1,0
2008,102000,0,1,0,1,0,0
2012,65000,0,1,0,0,0,0
2014,90000,0,2,0,0,1,0
2017,25000,1,1,0,1,0,0
2008,30000,0,2,0,1,1,0
2016,50000,0,1,0,0,1,0
2004,58000,0,1,0,1,1,0
2015,68000,0,1,0,0,1,0
2010,110000,0,2,0,1,1,0
2014,30000,0,1,0,1,0,0
2014,100000,0,2,0,0,1,0
2018,15000,1,1,0,1,1,0
2017,30646,0,1,0,1,0,0
2006,80000,0,3,0,1,1,0
2018,70000,0,2,0,0,1,0
2014,30000,0,1,0,0,1,0
2018,70000,0,1,0,0,1,0
2009,80000,0,2,0,1,1,0
2011,134444,1,2,0,1,1,0
2018,40000,0,1,0,1,1,0
2015,22255,0,1,0,1,1,0
2017,50000,0,1,0,0,1,0
2015,30000,0,1,0,1,1,0
2014,89126,0,1,0,0,1,0
2017,6000,0,1,0,0,1,0
2015,58000,1,1,0,1,0,0
2019,11000,0,1,0,1,1,0
2017,35122,0,1,0,0,0,0
2013,80000,0,1,0,0,1,0
2013,100000,0,2,0,0,1,0
2012,35000,0,2,0,1,1,0
2018,25000,1,1,0,1,1,0
2008,40000,0,1,0,1,1,0
2017,13000,0,2,0,1,1,0
2016,38000,0,1,0,0,0,0
2012,55766,0,2,0,1,1,0
2019,35000,0,1,0,0,1,0
2016,20000,0,1,0,1,1,0
2017,60000,1,1,0,1,1,0
2018,20000,0,1,0,1,1,0
2006,170000,0,1,0,0,1,0
2018,39000,1,1,0,0,1,0
2013,54000,0,1,0,0,0,0
2006,60000,0,2,0,1,0,0
2016,80000,1,1,0,1,1,0
2016,40000,0,1,0,1,1,0
2019,18000,1,1,0,1,0,0
2006,120000,0,3,0,0,1,0
2018,13800,1,1,0,1,1,0
2008,120000,0,3,0,0,1,0
2015,50000,0,1,0,0,1,0
2012,50000,0,2,0,1,1,0
2009,100000,0,1,0,1,1,0
2016,50900,0,1,0,0,0,0
2011,60000,0,3,0,0,1,0
2007,100000,0,2,0,0,1,0
2015,52517,0,1,0,0,0,0
2013,83000,0,1,0,0,0,0
2018,50699,0,1,0,0,0,0
2014,12000,0,1,0,0,0,0
2016,80000,0,1,0,0,1,0
2012,120000,0,3,0,0,1,0
2011,110000,0,2,0,0,1,0
2014,52000,0,2,0,1,0,0
2011,115000,0,4,0,0,1,0
2011,70000,0,2,0,1,1,0
2017,30600,1,1,0,0,1,0
2015,40000,0,1,0,1,1,0
2018,26430,0,1,0,0,0,0
2004,80000,0,2,0,1,1,0
2010,80000,0,1,0,0,1,0
2008,80000,0,1,0,1,1,0
2019,5007,1,1,0,1,0,0
2017,8000,1,1,0,1,1,0
2009,80659,0,1,0,1,0,0
2012,90000,0,2,0,0,1,0
2007,60000,0,2,0,1,1,0
2018,19571,0,1,0,0,0,0
2014,73300,0,2,0,1,0,0
2006,70000,0,3,0,1,1,0
2012,110000,0,1,0,0,1,0
2019,24000,0,1,0,0,1,0
2016,15000,0,1,0,1,1,0
2011,90000,0,1,0,0,1,0
2013,90000,0,1,0,0,1,0
2016,159000,0,1,0,0,1,0
2016,161327,0,1,0,0,1,0
2019,20000,1,1,0,1,1,0
2010,80000,0,2,0,1,1,0
2016,50000,0,1,0,0,1,0
2012,40000,0,2,0,1,1,0
2010,120000,0,3,0,0,1,0
2009,120000,0,1,0,0,0,0
2016,70000,0,1,0,0,1,0
2015,66521,0,1,0,1,0,1
2014,60000,0,1,0,1,1,0
2014,56207,0,2,0,0,0,0
2011,58000,1,1,0,0,0,0
2010,100000,1,1,0,0,0,0
2012,54000,0,1,0,1,0,0
2016,35000,0,1,0,0,1,0
2019,30000,0,1,0,0,1,0
2011,90000,0,1,0,1,1,0
2014,70000,0,1,0,0,1,0
2000,120000,0,1,0,1,1,0
2018,30000,1,1,0,0,1,0
2008,50000,0,1,0,1,1,0
2005,120000,0,3,0,0,1,0
2014,120000,0,2,0,0,1,0
2019,5000,0,1,0,1,1,0
2010,87620,1,1,0,0,0,0
2009,30000,0,1,0,0,1,0
2016,19495,0,1,0,1,0,0
2011,120000,0,1,0,0,1,0
2012,90000,0,1,0,1,1,0
2016,25000,0,1,0,1,1,0
2014,42000,0,2,0,1,0,0
2015,25000,0,3,0,1,1,0
2009,60000,0,3,0,0,1,0
2010,120000,0,3,0,0,1,0
2015,5000,0,1,0,1,1,0
2018,25000,0,1,0,0,1,0
2012,30000,0,2,0,1,1,0
2018,4500,1,1,0,0,0,0
2012,180000,0,1,0,0,1,0
2014,57000,0,1,0,1,0,0
2017,39000,0,1,0,1,0,0
2019,8000,0,1,0,1,1,0
2013,60000,0,2,0,0,0,0
2010,64000,0,1,0,1,0,0
2005,80000,0,1,0,1,1,0
2017,15000,0,2,0,1,0,0
2014,41000,0,1,0,1,0,0
2012,80000,0,2,0,0,1,0
2017,40000,0,1,0,0,1,0
2009,50000,0,3,0,1,1,0
2016,90000,0,1,0,0,1,0
2007,112880,0,1,0,0,0,0
2019,5000,0,1,0,1,1,0
2016,64672,0,1,0,0,0,1
2010,80000,0,2,0,0,1,0
2011,10000,0,2,0,0,1,0
2011,60000,0,2,1,0,1,0
2014,52000,0,2,0,0,0,0
2010,90000,0,3,0,0,1,0
2016,60000,0,1,0,0,1,0
2013,50000,0,3,0,1,1,0
2013,170000,0,1,0,0,0,0
2005,50000,0,2,0,0,1,0
2019,25880,0,1,0,1,1,0
2006,100000,1,3,0,1,1,0
2015,40000,0,1,0,1,1,0
2012,40000,0,1,0,1,1,0
2011,70000,0,1,0,1,1,0
2015,25000,0,1,0,1,1,0
2006,135000,0,4,1,0,1,0
2013,60000,0,2,0,1,1,0
2011,78892,0,1,0,1,0,0
2014,20000,0,1,0,1,1,0
2018,20000,0,1,0,1,1,0
2013,78413,0,2,0,0,0,0
2004,46000,0,1,0,1,1,0
2013,80000,0,1,0,1,1,0
2004,79000,0,2,0,1,1,0
2013,26000,0,2,0,0,1,0
2007,70000,0,3,1,0,1,0
2015,50000,0,1,0,0,1,0
2015,60000,0,1,0,1,1,0
2005,70000,0,2,0,1,1,0
2013,50000,0,2,0,1,1,0
2013,53000,0,1,0,0,1,0
2015,21000,0,2,0,1,0,0
2012,66363,1,2,0,1,0,0
2006,110000,0,2,0,1,1,0
2010,81925,0,1,0,0,1,0
2011,130000,0,2,0,0,1,0
2012,80000,0,1,0,0,1,0
2018,20000,0,1,0,1,1,0
2008,154000,0,3,0,0,1,0
2017,45087,0,1,0,0,0,0
2019,8000,0,1,0,0,1,0
2017,11114,0,1,0,1,0,0
2010,97000,0,2,0,1,1,0
2011,150000,0,1,0,0,1,0
2012,120000,0,3,0,0,1,0
2017,10171,0,1,0,1,0,0
2011,76736,0,2,0,0,0,0
2016,25000,0,1,0,1,1,0
2014,54350,0,1,0,1,0,0
2005,90000,0,2,0,1,0,0
2017,13500,0,1,0,0,1,0
2009,120000,0,2,0,1,1,0
2018,20000,0,1,0,0,1,0
2013,25000,0,4,0,1,1,0
2012,10000,0,1,0,1,1,0
2012,56000,0,1,0,0,1,0
2019,10000,0,1,0,1,1,0
2015,64541,0,1,0,0,0,0
2014,90000,0,2,0,1,1,0
2011,20000,0,1,0,1,1,0
2015,50000,0,1,0,0,1,0
2018,15000,0,2,0,0,1,0
2014,100000,0,1,0,1,1,0
2004,110000,0,3,0,1,1,0
2013,70000,0,2,0,1,1,0
2006,60000,0,1,0,0,1,0
2016,60000,0,1,0,0,1,0
2006,77000,0,2,0,1,1,0
2017,30000,0,1,0,1,1,0
2013,150000,0,1,0,0,1,0
2011,90000,0,2,0,0,1,0
2011,120000,0,2,0,0,1,0
2012,47000,0,1,0,0,0,0
2014,28245,0,1,0,0,1,0
2011,54000,0,2,0,0,1,0
2012,129000,0,1,0,0,1,0
2014,120000,0,2,0,0,1,0
2015,31080,0,1,0,1,0,0
2011,31000,0,1,0,0,1,0
2012,80000,0,1,1,0,1,0
2014,58000,0,2,0,0,0,0
2017,60000,0,1,0,1,1,0
2011,74113,0,1,0,1,0,0
2005,20000,0,2,0,1,1,0
2003,165000,0,2,0,1,1,0
2012,110000,0,4,0,0,1,0
2015,10000,0,1,0,1,1,0
2017,9000,0,1,0,1,0,0
2019,50000,0,1,0,1,1,0
2016,60000,0,1,0,0,1,0
2014,30000,0,1,0,0,1,0
2011,50000,0,1,0,1,1,0
2009,120000,0,1,0,1,1,0
2019,20000,0,1,0,0,1,0
2015,70000,0,2,0,1,1,0
2016,22000,0,1,0,1,1,0
2013,70000,0,1,0,1,1,0
2011,120000,0,2,0,0,1,0
2005,47000,0,1,0,1,1,0
2002,70000,0,2,0,1,1,0
2011,267000,0,2,0,0,1,0
2014,71318,0,1,0,0,0,0
2015,60000,0,1,0,1,1,0
2015,120000,0,1,0,0,1,0
2009,136000,0,2,0,0,1,0
2013,78000,0,1,0,0,0,0
2012,130000,0,2,0,0,1,0
2007,80000,0,3,0,1,1,0
2015,50000,1,1,0,0,1,0
2011,110000,0,3,0,1,1,0
2012,63700,0,1,0,0,1,0
2014,70000,0,1,0,0,1,0
2010,240000,0,3,0,0,1,0
2013,100000,0,1,0,0,1,0
2020,5000,0,1,0,1,1,0
2016,50000,0,1,0,0,1,0
2019,28000,0,1,0,1,0,0
2019,10000,0,1,0,1,1,0
2013,54000,0,1,0,1,0,0
2019,80000,0,1,0,1,1,0
2015,70000,0,1,0,0,1,0
2008,140000,0,1,0,1,1,0
2009,83000,0,2,0,1,1,0
2013,80000,0,3,0,1,1,0
2014,82000,0,1,0,0,1,0
2011,110000,0,1,0,0,1,0
2012,149000,1,2,0,0,1,0
2011,120000,0,1,0,0,1,0
2005,65000,0,2,0,1,1,0
2017,23000,0,1,0,1,1,0
2016,50000,0,2,0,1,1,0
2013,70000,0,1,0,0,1,0
2018,80000,0,1,0,0,1,0
2012,44500,0,2,0,0,0,0
2015,70000,0,3,0,0,1,0
2012,70000,0,2,0,1,1,0
2014,80000,0,1,0,0,0,0
2016,15000,0,1,0,1,1,0
2017,50000,0,1,0,0,1,0
2010,96000,0,3,0,1,1,0
2013,70000,0,1,0,1,1,0
2014,25000,0,1,0,1,1,0
2014,15000,0,1,0,0,1,0
2013,73000,0,1,0,0,1,0
2020,1000,0,1,0,1,1,0
2015,80000,1,2,0,0,1,0
2007,50000,0,1,0,0,0,0
2007,80000,0,3,1,0,1,0
2015,20500,0,1,0,1,1,0
2006,300000,0,1,0,0,1,0
2008,144000,0,3,0,0,1,0
2012,70000,1,1,0,1,1,0
2012,72000,0,1,0,0,0,0
2012,35000,0,1,0,0,1,0
2013,70000,0,2,0,0,1,0
2011,60000,0,2,0,1,1,0
2011,70000,0,2,0,0,1,0
2013,3600,0,1,0,0,0,0
2013,60000,0,2,0,0,1,0
2014,90000,0,1,0,0,1,0
2018,10500,0,1,0,1,1,0
2019,15000,0,1,0,1,1,0
2011,64000,0,2,0,1,1,0
2018,60000,0,1,0,0,0,0
2016,57904,0,1,0,0,0,0
2009,50000,0,2,0,1,1,0
2012,80000,0,3,0,0,1,0
2012,80000,0,1,0,0,1,0
2017,50000,0,2,0,0,1,0
2012,70000,0,2,0,0,1,0
2012,70000,0,2,0,1,1,0
2009,50000,0,2,0,1,1,0
1998,60000,0,3,0,1,0,0
2007,52000,0,1,0,1,1,0
2009,110000,0,3,0,0,1,0
2018,20000,0,1,0,0,1,0
2014,57112,0,1,0,1,0,0
2010,40000,0,1,0,1,1,0
2016,70000,0,1,0,0,1,0
2010,60000,0,1,0,0,1,0
2010,110000,0,1,0,1,1,0
2019,5000,0,1,0,0,1,0
2015,46000,0,2,0,1,1,0
2016,52000,0,1,0,1,0,0
2010,130000,0,2,0,0,1,0
2014,50000,0,1,0,0,1,0
2012,126000,0,2,0,0,1,0
2010,51000,0,1,0,1,0,0
2013,80000,0,1,0,0,0,0
2014,145000,0,2,0,0,1,0
2012,40000,0,1,0,0,1,0
1998,120000,0,2,0,1,1,0
2013,89000,0,1,0,0,0,0
2018,22000,1,1,0,0,0,0
2014,37605,0,1,0,1,0,0
2016,52600,0,1,0,0,1,0
2010,78000,0,2,0,0,0,0
2008,110000,0,2,0,1,1,0
2016,80000,0,1,0,1,1,0
2009,120000,0,1,0,0,1,0
2018,50000,0,1,0,0,1,0
2010,48500,0,1,0,1,1,0
2013,25000,0,1,0,0,1,0
2013,60000,0,1,0,0,1,0
2020,101,0,0,0,0,0,0
2009,178000,0,2,0,0,1,0
2013,64111,0,1,1,0,0,0
2014,101000,0,2,0,0,1,0
2010,100000,0,1,0,0,1,0
2012,80000,0,3,0,0,1,0
2010,120000,0,3,0,0,1,0
2010,110000,0,2,0,0,1,0
2018,32000,0,1,0,1,1,0
2004,120000,0,1,0,0,1,0
2006,90000,0,2,0,1,1,0
2007,84000,0,2,0,1,1,0
2009,65000,0,1,0,1,1,0
2015,48000,0,1,0,1,0,0
2019,15000,0,1,0,1,1,0
2007,223000,0,4,0,0,1,0
2002,120000,0,1,0,0,1,0
2006,40000,0,2,0,1,1,0
2010,50000,0,1,0,1,1,0
2008,10000,0,1,0,1,1,0
2017,28838,0,1,0,1,1,0
2017,30000,1,1,0,0,1,0
2013,100000,0,1,0,1,1,0
2011,70000,0,2,0,0,1,0
2010,110000,0,1,1,0,1,0
2020,11000,0,1,0,0,1,0
2017,50000,0,1,0,1,1,0
2002,60000,0,3,0,1,1,0
2017,80000,0,1,0,0,1,0
2016,27000,0,1,0,1,1,0
2009,60000,0,2,1,0,1,0
2015,70000,0,2,0,0,1,0
2011,186000,0,2,0,0,1,0
2015,69782,0,1,0,1,0,0
2009,120000,0,2,0,0,1,0
2015,40000,0,1,0,1,1,0
2014,100000,0,2,0,0,1,0
2013,200000,0,1,0,0,1,0
2017,60000,0,2,0,0,1,0
2017,64000,0,1,0,0,0,0
2006,60000,0,2,0,1,1,0
2006,52000,0,2,0,1,1,0
2014,35000,0,1,0,0,1,0
2018,58000,0,1,0,0,1,0
2019,35000,0,1,0,0,1,0
2010,15000,0,1,0,1,1,0
2013,74000,0,3,0,1,1,0
2018,9700,0,1,0,1,0,0
2012,74300,0,1,0,0,0,0
2014,90000,0,2,0,1,1,0
2011,90000,0,2,0,0,1,0
2019,20000,0,1,0,1,1,0
2004,110000,0,2,0,1,1,0
2012,75000,0,1,1,0,0,0
2012,110000,0,1,0,0,1,0
2016,60000,0,3,0,1,1,0
2011,80000,0,1,0,0,1,0
2009,27633,0,1,0,1,1,0
2012,120000,0,2,0,0,1,0
2011,90000,0,2,0,1,1,0
2018,1452,1,1,0,1,0,0
2018,40000,0,1,0,1,1,0
2017,36000,0,1,0,1,1,0
2013,37000,0,1,0,0,0,0
2015,60000,0,1,0,1,1,0
2010,60000,0,4,0,1,1,0
2017,55000,0,1,0,1,1,0
2005,25000,0,2,0,1,1,0
2014,173000,0,3,0,0,1,0
2009,50000,0,4,0,1,1,0
2017,120000,0,1,0,0,1,0
2012,90000,0,2,0,0,1,0
2005,67000,0,1,0,1,1,0
2014,80322,0,1,0,0,0,0
2018,25000,0,1,0,0,1,0
2017,20000,0,2,0,1,1,0
2020,1400,0,1,0,0,1,0
2007,90000,0,2,0,1,1,0
2009,100000,0,1,0,0,1,0
2016,69000,0,1,0,0,1,0
2010,72000,0,2,0,0,1,0
2014,110000,0,1,0,0,1,0
2012,158000,0,3,0,0,1,0
2012,80000,0,1,0,1,1,0
2011,70000,0,1,0,0,1,0
2008,60000,0,2,0,1,1,0
2015,100000,0,1,0,0,1,0
2017,48000,0,3,0,1,1,0
2001,60000,0,2,0,1,1,0
2007,80000,0,1,0,1,1,0
2009,60000,0,2,0,0,1,0
2006,120000,0,3,0,1,1,0
2013,75000,0,2,0,0,1,0
2008,120000,0,1,0,0,1,0
2010,120000,0,2,0,0,1,0
2018,40000,0,1,0,0,1,0
2003,120000,1,2,0,1,1,0
2017,70000,0,1,0,0,1,0
2015,63063,1,1,0,1,0,0
2014,90000,0,1,0,0,1,0
2011,90000,0,2,0,0,1,0
2015,70000,1,1,0,1,1,0
2008,30000,0,1,0,1,1,0
2016,70000,1,2,0,1,1,0
2010,110000,0,2,0,1,1,0
2016,30000,0,1,0,1,1,0
2012,180000,0,1,0,0,1,0
2014,60000,0,1,0,1,1,0
2014,92000,0,1,0,0,0,0
2013,60000,0,2,0,1,1,0
2016,68000,0,1,0,1,0,0
2015,80000,0,1,0,0,1,0
2015,97000,0,2,0,0,1,0
2009,120000,0,2,0,1,1,0
2010,40000,0,1,0,0,1,0
2017,25000,0,1,0,0,1,0
2019,5000,1,1,0,0,1,0
2012,110000,0,2,0,0,1,0
2006,80000,1,4,0,1,1,0
2019,15000,0,1,0,0,1,0
2015,60000,0,1,0,1,0,1
2012,46000,0,1,0,0,1,0
2014,68000,0,1,0,0,0,0
2015,120000,0,1,0,0,1,0
2011,150000,0,4,0,0,1,0
2001,100000,0,2,0,0,1,0
2013,35299,0,1,0,1,0,0
2005,120000,0,3,0,1,1,0
2013,186000,0,3,0,0,1,0
2010,63000,0,3,0,0,1,0
2012,125000,0,2,0,0,1,0
2011,70000,1,1,0,0,1,0
2012,60000,0,2,0,0,1,0
2009,80000,0,2,0,1,1,0
2010,90000,0,2,0,1,1,0
2017,46507,0,1,0,0,0,1
2016,100000,0,1,0,0,1,0
2011,170000,0,2,0,0,1,0
2015,80000,0,2,0,1,1,0
2018,20000,0,1,0,1,0,0
2010,34500,0,1,0,0,1,0
2016,40000,0,1,0,1,1,0
2006,120000,0,3,0,1,1,0
2010,60000,0,3,0,1,1,0
2014,78322,0,1,0,0,1,0
2016,146000,0,1,0,0,0,0
2017,15000,1,1,0,1,1,0
2014,40000,0,1,0,1,1,0
2012,70000,0,1,0,0,1,0
2014,50000,0,1,0,0,1,0
2018,15000,0,1,0,0,0,0
2018,5000,0,1,0,1,1,0
2013,75000,0,1,0,0,0,0
2013,65000,0,1,0,0,1,0
2013,206500,0,1,0,0,1,0
2012,35000,0,3,0,1,1,0
2011,76259,1,1,0,1,0,0
2019,24000,1,1,0,1,1,0
2013,42324,0,2,0,0,0,0
2011,56000,0,2,0,0,0,0
2008,35000,0,1,0,1,1,0
2017,15000,0,1,0,1,1,0
2013,61624,1,2,0,1,0,0
2010,100000,0,1,0,0,0,0
2012,120000,1,3,0,0,1,0
2016,38000,0,1,0,1,1,0
2019,5000,0,1,0,1,1,0
2012,100000,0,1,1,0,1,0
2013,73000,0,1,0,0,0,0
2009,180000,0,2,0,0,1,0
2007,90000,0,3,0,0,1,0
2017,90000,0,1,0,0,1,0
2017,30000,0,1,0,1,1,0
2016,110000,0,1,0,1,1,0
2008,190000,0,2,0,0,1,0
2012,80000,0,2,0,1,1,0
2013,70000,0,4,0,1,1,0
2012,62000,0,2,0,1,1,0
2015,60000,0,1,0,0,0,1
2019,13000,0,1,0,0,0,0
2016,46000,0,1,0,0,0,0
2020,5000,0,1,0,1,1,0
2008,90000,0,1,0,1,1,0
2013,125000,0,2,0,0,1,0
2017,10000,0,1,0,1,1,0
2014,90000,0,2,0,0,1,0
2004,110000,0,3,0,0,1,0
2012,63000,0,1,0,1,0,0
2018,50000,1,1,0,1,1,0
2014,76000,0,2,0,1,1,0
2016,26000,0,1,0,1,1,0
2008,120000,0,1,0,1,1,0
2010,90000,0,3,0,1,1,0
2010,102000,0,2,0,0,1,0
2016,31367,0,1,0,0,0,0
2013,150000,0,1,0,0,1,0
2015,60000,0,1,0,0,1,0
2018,42000,0,1,0,0,1,0
2014,33033,0,1,0,1,0,0
2014,70000,0,1,0,1,1,0
2018,30000,0,2,0,0,1,0
2020,1700,0,1,0,1,1,0
2014,35000,0,1,0,0,1,0
2012,50000,1,2,0,0,1,0
2007,50000,0,2,0,1,1,0
2018,56000,0,1,0,1,0,0
2010,50000,0,1,0,1,1,0
2018,35000,0,1,0,1,1,0
2006,70000,0,2,0,1,1,0
2016,65000,0,1,0,0,0,0
2019,60000,0,1,0,1,1,0
2012,40000,0,2,0,1,1,0
2017,35000,0,1,0,1,1,0
2009,70000,0,1,0,1,1,0
2015,127643,1,1,0,0,0,0
2018,8000,0,1,0,1,0,0
2014,65000,0,1,0,1,0,0
2010,79357,0,1,0,0,0,0
2013,62200,0,1,0,0,0,0
2010,120000,0,2,0,0,1,0
2015,35000,1,3,0,0,1,0
2019,10300,0,1,0,1,1,0
2010,98000,0,2,1,0,1,0
2006,40000,0,2,0,1,1,0
2014,48000,0,1,0,0,1,0
2016,30093,1,1,0,0,0,0
2018,50000,1,1,0,0,1,0
2017,101159,0,1,0,1,0,0
2008,90000,0,2,0,1,1,0
2015,30000,1,1,0,0,0,0
2011,55168,0,2,0,1,1,0
2010,10000,0,1,0,1,1,0
2017,60000,0,2,0,0,1,0
2019,5000,1,1,0,0,1,0
2006,75118,0,2,0,1,1,0
2005,70000,0,2,0,1,1,0
2008,120000,0,3,0,1,1,0
2018,35000,0,1,0,1,0,0
2018,6000,0,1,0,1,1,0
2012,89550,0,2,0,0,1,0
2017,60000,0,1,0,1,1,0
2009,67580,0,2,0,1,1,0
2018,35000,0,1,0,0,1,0
2010,110000,0,1,0,1,1,0
2018,25000,0,1,0,0,1,0
2014,54000,0,2,0,1,0,0
2012,150000,0,2,0,0,1,0
2005,23000,0,2,0,1,1,0
2013,22700,0,2,0,0,0,0
2012,45000,0,2,0,1,1,0
2009,55000,0,2,0,0,1,0
2007,90000,0,1,0,1,1,0
2013,70000,0,3,0,0,1,0
2013,38000,0,1,0,1,1,0
2019,30000,0,1,0,1,1,0
1998,70000,0,2,0,1,1,0
2016,160000,0,1,0,1,1,0
2011,110000,0,1,0,1,1,0
2017,14000,0,1,0,1,0,0
2012,70000,0,2,0,0,1,0
2019,60000,0,1,0,0,1,0
2011,110000,0,2,0,0,1,0
2007,120000,0,2,0,1,1,0
2005,60000,0,2,0,1,1,0
2008,90000,0,1,0,0,1,0
2011,60000,1,3,0,1,1,0
2015,80000,0,2,0,0,1,0
2005,150000,0,3,0,1,1,0
2005,68500,0,1,0,1,0,0
2002,80000,0,2,0,1,1,0
2018,10000,1,1,0,1,1,0
2016,60000,0,2,0,1,1,0
2010,120000,0,2,0,0,1,0
2005,126000,0,2,0,1,1,0
2007,143000,0,3,0,1,1,0
2013,120000,0,1,0,0,1,0
2019,40000,0,1,0,1,1,0
2013,100000,0,1,0,0,1,0
2018,63000,0,1,0,1,1,0
2001,70000,0,1,0,1,1,0
2014,34000,1,2,0,0,0,0
2017,60000,0,1,0,0,0,0
2018,29600,0,1,0,1,0,0
2014,62237,1,1,0,1,0,0
2017,9748,0,1,0,1,0,0
2018,30000,0,1,0,1,1,0
1999,50000,0,3,0,1,1,0
2019,2417,0,1,0,1,1,0
2015,59258,0,1,0,1,0,0
2012,58000,0,1,0,0,0,0
2015,25000,0,1,0,1,1,0
2016,38000,0,1,0,1,1,0
2012,120000,0,2,0,0,1,0
2010,100000,0,1,0,1,1,0
2012,90000,0,1,0,0,1,0
2017,39221,0,1,0,0,0,0
2009,138000,0,3,0,0,1,0
2012,115992,1,3,0,0,0,0
2018,11212,1,1,0,1,0,1
2014,80000,0,2,0,0,1,0
2011,80000,0,1,0,0,1,0
2011,60000,0,1,0,1,1,0
2016,20000,0,1,0,0,1,0
2017,20000,0,1,0,0,1,0
2006,75000,0,3,0,0,1,0
2010,60000,0,2,0,1,1,0
2010,70000,0,2,0,1,1,0
2008,110000,0,3,0,1,1,0
2015,70000,0,2,0,1,1,0
2018,35000,0,1,0,0,1,0
2004,223660,1,3,0,0,1,0
2009,60000,0,3,0,1,1,0
2013,20000,0,1,0,1,1,0
2005,40000,0,2,0,1,1,0
2005,118400,0,1,0,1,1,0
2019,5000,0,1,0,0,0,0
2013,85036,0,2,0,0,0,0
2013,15000,0,2,0,1,1,0
2014,80000,1,1,0,0,1,0
2009,120000,0,1,0,1,1,0
2017,44000,0,1,0,0,0,0
2013,60000,0,1,0,0,1,0
2008,154000,0,3,0,0,1,0
2013,115000,0,2,0,1,0,0
2017,50000,0,1,0,1,1,0
2006,110000,1,2,0,1,1,0
2015,34823,0,2,0,1,0,0
2010,60000,0,1,0,1,0,0
2012,120000,0,3,0,0,1,0
2011,76400,0,2,0,0,1,0
2015,50000,0,1,0,1,1,0
2010,195000,1,2,0,0,1,0
2013,70000,0,2,0,0,1,0
2000,40000,0,3,0,1,1,0
2012,200000,0,3,0,0,1,0
2008,66782,0,2,0,1,1,0
2014,157000,0,2,0,0,1,0
2015,35000,0,1,0,1,1,0
2002,60000,0,3,0,1,1,0
2012,160000,0,1,0,0,0,0
2016,40000,0,1,0,0,1,0
2015,35000,0,1,0,1,1,0
2014,163000,0,1,0,0,1,0
2015,50000,0,1,0,0,1,0
2007,76000,0,3,0,1,0,0
2017,50000,0,1,0,1,1,0
2006,60000,1,1,0,0,0,0
2014,80000,0,2,0,1,1,0
2012,70000,0,2,0,0,1,0
2004,50000,0,1,0,0,1,0
2014,25000,0,1,0,1,1,0
2017,25000,1,1,0,0,1,0
2006,80000,0,2,0,1,1,0
2013,70000,0,1,0,0,1,0
2014,23122,0,2,0,1,0,0
2016,57000,0,1,0,0,1,0
2008,80000,0,2,0,0,1,0
2015,53000,0,2,0,0,1,0
2007,120000,0,1,0,1,1,0
2017,30000,0,1,0,0,1,0
2013,100000,0,2,0,0,1,0
2018,80000,0,1,0,1,1,0
2010,90000,0,3,0,1,1,0
2012,85000,0,2,0,0,1,0
2012,80000,0,1,0,1,1,0
2010,160000,0,1,0,0,1,0
2009,55000,0,2,0,1,1,0
2010,50000,0,2,0,1,1,0
2016,25000,0,1,0,1,1,0
2017,60000,0,1,0,0,0,1
2010,149500,0,3,0,0,1,0
2017,40000,0,1,0,0,1,0
2010,50000,0,1,0,0,1,0
2014,36000,0,1,0,1,1,0
2018,40000,1,1,0,0,1,0
2010,110000,0,1,0,1,1,0
2017,35000,0,1,0,0,0,0
2015,40000,0,3,0,0,1,0
2009,57035,0,1,0,1,0,0
2006,91086,0,2,0,1,0,0
2019,50000,0,1,0,0,1,0
2007,120000,0,4,0,1,1,0
2011,40000,0,1,0,1,1,0
2015,40000,0,1,0,0,1,0
2016,34982,0,1,0,1,0,0
2012,50000,0,2,0,1,1,0
2015,40000,0,1,0,1,1,0
2014,200000,0,3,0,0,1,0
2003,90000,0,2,0,1,1,0
2016,40000,0,1,0,0,1,0
2015,55000,0,1,0,0,1,0
2011,60000,1,2,0,0,1,0
2009,217871,0,1,0,0,0,0
2018,14000,0,1,0,1,1,0
2017,40000,0,2,0,0,1,0
2014,60000,0,1,0,0,0,0
2013,80000,0,2,0,1,1,0
2015,24000,1,1,0,0,1,0
2018,40000,0,1,0,1,1,0
2012,67000,0,2,1,0,0,0
2009,90000,0,2,0,1,1,0
2015,70000,0,2,0,0,1,0
2012,120000,0,1,0,0,1,0
2016,70000,0,2,0,0,1,0
2012,90000,0,2,0,1,1,0
2013,80000,0,2,0,0,1,0
2018,30000,0,1,0,1,1,0
2008,120000,0,1,0,0,1,0
2006,73756,0,1,0,0,1,0
2018,60000,0,1,0,1,1,0
2016,53000,1,1,0,0,0,0
2007,101849,0,2,0,0,0,0
2016,90000,0,1,0,0,1,0
2007,60000,0,3,0,1,1,0
2008,146000,0,3,0,0,1,0
2014,35000,0,1,0,1,1,0
2016,55000,0,1,0,0,1,0
2011,155500,0,1,0,0,1,0
2016,126000,1,1,0,0,0,0
2007,78771,0,2,0,0,0,0
2014,65239,0,1,0,1,0,0
2018,24000,0,1,0,0,1,0
2004,110000,0,2,0,1,1,0
2017,40000,0,1,0,0,1,0
2014,80000,0,3,0,0,1,0
2014,80000,0,2,0,0,1,0
2019,60000,0,1,0,0,1,0
2018,2000,0,1,0,1,1,0
2010,120000,0,2,0,0,1,0
2007,55000,0,2,0,1,1,0
2011,100000,0,2,0,0,1,0
1997,80000,0,2,0,1,1,0
2016,25000,0,1,0,1,1,0
2015,40000,0,1,0,1,1,0
2011,74500,0,2,0,1,1,0
2016,120000,0,1,0,0,1,0
2012,8000,0,1,0,1,1,0
2016,30000,0,2,0,1,1,0
2000,80000,0,1,0,1,1,0
2018,20694,0,1,0,0,0,0
2017,38000,0,1,0,0,0,0
2018,7600,1,1,0,1,1,0
2011,70000,0,2,0,0,1,0
2009,53000,0,1,0,1,1,0
2015,32000,0,1,0,1,0,0
2016,90000,0,2,0,0,1,0
2017,10832,0,1,0,1,0,0
2002,60000,0,1,0,1,1,0
2013,41988,0,1,0,0,0,0
2009,46730,0,1,0,1,1,0
2011,20000,0,1,0,1,1,0
2011,28000,0,1,0,1,0,0
2013,80000,0,2,0,0,1,0
2008,85000,0,1,0,1,1,0
2018,5550,0,2,0,1,1,0
2007,80000,0,2,0,1,1,0
2017,70000,0,1,0,0,1,0
2014,166000,0,4,0,0,1,0
2012,130000,0,1,0,0,1,0
2012,90000,0,1,0,0,1,0
2014,145000,0,1,0,0,1,0
2017,42494,0,1,0,0,0,0
2014,60000,0,1,0,0,1,0
2003,5000,0,2,0,1,1,0
2010,87000,0,2,0,0,0,0
2019,24000,0,1,0,1,1,0
2015,45000,0,1,0,1,0,0
2009,190000,0,3,0,0,1,0
2007,80000,0,1,0,1,1,0
2017,30000,0,1,0,1,1,0
2010,105546,0,1,0,1,1,0
2009,100000,0,2,0,1,1,0
2012,85000,0,1,0,0,1,0
2013,87620,1,1,0,0,0,0
2011,40000,0,2,0,1,1,0
2017,90000,0,1,0,0,1,0
1998,120000,0,2,0,1,1,0
2015,90000,0,1,0,1,1,0
2016,41000,0,1,0,0,1,0
2012,50000,0,1,0,0,1,0
2009,70000,0,4,0,1,1,0
2018,25000,0,1,0,1,1,0
2019,8000,1,1,0,1,1,0
2003,35000,0,2,0,0,1,0
2018,60000,0,1,0,0,1,0
2011,100000,0,1,1,0,1,0
2017,43000,0,2,0,1,1,0
2014,47000,1,1,0,0,1,0
2003,35000,0,1,0,1,1,0
2018,23038,1,1,0,1,0,1
2014,48000,1,2,0,1,0,0
2016,91505,1,1,0,0,0,0
2017,20000,1,2,0,1,0,0
2013,120000,0,1,0,1,1,0
2018,50000,0,1,0,0,1,0
2013,71000,0,1,0,0,0,0
2016,50000,0,2,0,0,1,0
2011,28689,0,1,0,0,1,0
2009,150000,0,3,0,0,1,0
2012,70000,0,1,0,0,1,0
2016,100000,0,2,0,0,1,0
2010,73000,0,1,0,1,1,0
2008,200000,0,1,0,1,1,0
2020,20000,0,1,0,1,1,0
2012,90000,0,1,0,0,1,0
2015,55000,0,1,0,1,1,0
2018,30000,0,1,0,0,1,0
2008,100000,0,1,0,1,1,0
2019,5000,0,1,0,1,1,0
2010,300000,0,3,0,1,1,0
2000,50000,0,2,0,0,1,0
2010,120000,0,1,0,0,1,0
2012,60236,0,1,0,0,0,0
2011,70000,1,2,0,1,1,0
2016,50000,0,1,1,0,1,0
2017,26000,0,2,0,0,1,0
2011,60000,0,2,0,1,1,0
2013,30000,0,1,0,0,1,0
2005,170000,0,3,0,1,1,0
2017,50000,0,1,0,0,1,0
2013,60000,0,2,0,0,1,0
2013,61083,0,1,0,0,0,0
2013,41988,0,1,0,0,0,0
2012,80000,0,3,0,1,1,0
2011,78000,0,1,0,1,1,0
2017,16267,0,1,0,1,0,0
2011,175900,1,1,0,0,0,0
2018,74800,0,1,0,0,1,0
2015,100000,0,3,0,0,1,0
2000,50000,0,1,0,1,1,0
2020,1500,1,1,0,0,1,0
2017,12997,0,1,0,0,0,0
2007,52000,0,2,0,1,1,0
2017,40000,0,1,0,1,1,0
2019,7000,0,2,0,1,1,0
2014,70000,0,2,0,0,1,0
2018,50000,0,1,0,0,1,0
2017,70000,0,1,0,0,1,0
2015,130000,0,1,0,0,1,0
2016,23000,0,1,0,1,1,0
2016,106000,1,1,0,0,1,0
2004,120000,0,4,0,0,1,0
2005,124000,0,2,0,1,1,0
2016,35000,0,1,0,0,1,0
2012,140000,1,1,0,1,1,0
2007,100000,0,2,0,1,1,0
2017,47162,1,1,0,0,0,1
2005,22000,0,1,0,1,1,0
2019,15000,0,1,0,1,1,0
2015,60000,0,2,0,1,1,0
2013,105000,0,1,0,0,1,0
2013,167223,1,1,0,0,0,0
2018,14681,0,1,0,0,0,0
2014,27483,0,1,0,0,0,0
2011,60000,1,1,0,0,1,0
2009,120000,0,2,0,1,1,0
2018,30000,0,2,0,1,1,0
2005,90000,0,2,0,0,1,0
2008,30000,0,1,0,1,1,0
2012,120000,0,4,0,0,1,0
2013,120000,0,1,0,0,1,0
2014,90000,0,2,0,0,0,0
2018,21302,0,1,0,0,1,0
2016,52000,0,1,0,1,1,0
2011,30000,0,1,0,1,1,0
2012,90000,0,2,0,0,1,0
2011,133564,0,1,0,0,0,0
2017,60000,0,1,0,0,1,0
2013,60000,1,1,0,0,0,0
2012,108731,0,1,0,0,1,0
2019,17000,0,1,0,0,1,0
2019,10000,0,1,0,0,1,0
2017,14000,0,1,0,0,0,0
2007,50000,0,1,0,0,1,0
2017,25000,0,1,0,0,1,0
2019,1001,0,1,0,0,0,0
2015,70000,0,2,0,0,1,0
2011,80000,0,1,0,0,1,0
2013,65000,0,1,0,0,0,0
2017,40000,0,1,0,1,1,0
2017,25000,0,1,0,0,1,0
2015,105000,0,1,0,0,0,0
2009,47000,1,2,0,0,0,0
2019,10000,1,1,0,1,1,0
2013,60000,0,1,0,0,0,0
2002,100000,0,1,0,1,1,0
2018,60000,0,1,0,0,1,0
2009,120000,0,2,0,1,1,0
2016,25000,0,1,0,1,1,0
2006,220000,0,2,0,1,1,0
2019,4000,0,1,0,0,1,0
2014,44416,0,1,0,1,0,0
2012,30000,0,3,0,1,1,0
2016,138925,0,1,0,1,0,0
2011,68519,0,1,0,1,0,0
2012,80000,0,1,0,0,1,0
2011,73000,1,1,0,0,0,0
2017,24585,0,0,0,0,0,0
2012,137250,0,2,0,0,1,0
2016,33000,0,1,0,1,0,0
2012,52000,0,1,0,0,0,0
2014,58231,0,1,0,0,0,0
2011,139000,0,2,0,1,1,0
2006,110000,0,2,0,1,1,0
2012,60000,0,2,0,1,1,0
2018,4400,0,2,0,1,1,0
2015,25000,0,1,0,1,1,0
2011,120000,0,1,0,1,1,0
2017,20000,0,2,0,1,1,0
2014,90000,0,2,0,0,1,0
2011,70000,0,3,0,0,1,0
2011,120000,0,2,0,0,1,0
2017,25000,0,1,0,1,1,0
2019,20000,0,1,0,1,0,0
2008,53772,0,1,0,1,1,0
2010,81000,0,2,0,0,1,0
2018,30000,0,1,0,1,1,0
2016,36000,0,2,0,0,1,0
2016,38365,0,1,0,1,0,0
2009,192000,0,1,0,0,1,0
2016,40000,0,1,0,0,1,0
2013,45000,0,1,0,0,1,0
2019,13000,0,0,0,0,0,0
2009,120000,0,1,0,1,1,0
2007,110000,0,4,0,0,1,0
2013,30000,0,1,0,1,1,0
2010,90000,0,1,0,1,1,0
2010,65000,0,1,0,0,0,0
2009,120000,0,2,0,0,1,0
2000,90000,0,2,0,1,1,0
2018,37161,0,1,0,0,0,0
2018,15000,0,1,0,1,1,0
2015,45000,0,1,0,1,1,0
2016,70000,0,1,0,0,1,0
2006,132000,0,1,0,1,1,0
2015,43000,0,2,0,1,1,0
2018,9800,1,1,0,1,0,0
2011,60000,0,3,0,0,1,0
2000,42743,0,3,0,1,0,0
2012,80000,0,1,0,0,1,0
2006,54000,0,1,0,1,1,0
2010,73350,0,1,0,1,0,0
2015,60000,0,1,0,0,1,0
2011,110000,0,2,0,1,1,0
2004,120000,0,1,0,1,1,0
2017,12700,1,1,0,1,1,0
2018,35000,0,1,0,1,1,0
2006,90000,0,1,0,1,1,0
2006,40000,0,2,0,1,1,0
2008,90000,0,2,0,1,1,0
2011,197000,0,2,0,1,1,0
2017,60000,1,1,0,0,0,0
2011,120000,0,2,0,0,1,0
2015,43192,0,1,0,1,0,0
2017,60000,0,2,0,1,1,0
2011,224642,0,2,0,0,1,0
2017,25000,1,1,0,1,1,0
2018,45000,0,1,1,0,1,0
2001,72539,0,2,0,1,1,0
2008,60000,0,1,0,1,1,0
2013,70000,0,2,0,0,1,0
2012,50000,0,1,0,1,1,0
2010,60000,0,2,1,0,0,0
2017,14000,0,1,0,1,0,0
2014,7000,0,2,0,1,1,0
2013,50000,0,1,0,1,1,0
2014,80000,0,1,0,0,1,0
2014,120000,0,2,0,0,1,0
2014,75000,0,1,0,1,1,0
2010,100000,0,2,0,0,1,0
2009,70000,0,3,0,1,1,0
2017,40000,0,1,0,0,1,0
2015,7900,1,1,0,1,1,0
2017,64916,0,1,0,1,1,0
2009,190000,0,2,0,0,1,0
2014,130000,1,1,0,0,1,0
2009,120000,0,2,0,0,1,0
2016,6000,0,1,0,0,0,0
2009,52536,0,1,0,1,1,0
2016,95000,0,2,0,0,1,0
2019,15000,0,1,0,0,1,0
2017,40000,1,1,0,0,1,0
2012,120000,1,2,0,0,1,0
2001,100000,0,3,0,0,1,0
2008,152000,0,2,1,0,1,0
2003,57000,0,1,0,1,1,0
2010,90000,0,2,0,0,1,0
2009,70000,0,1,0,1,1,0
2012,80000,0,1,0,1,1,0
2018,30000,0,1,0,1,1,0
2017,40000,0,1,0,0,1,0
2017,7658,1,1,0,1,0,0
2010,110000,0,2,0,0,1,0
2016,7104,0,1,0,1,0,1
2018,30000,0,2,0,0,0,0
2017,60000,0,1,0,1,0,1
2018,35000,0,1,0,0,1,0
2017,33100,0,2,0,1,1,0
2014,56207,0,2,0,1,0,0
2016,70000,0,1,0,0,1,0
2010,55000,0,1,0,1,1,0
2014,50000,0,1,0,1,1,0
2008,60000,0,1,0,0,0,0
2014,70000,0,2,0,0,1,0
2014,49000,0,1,0,0,1,0
2014,43000,0,1,0,1,0,0
2017,98000,0,1,0,0,1,0
2014,35000,0,1,0,1,1,0
2006,45000,0,1,0,1,1,0
2013,88600,0,1,1,0,1,0
2014,65000,0,1,0,0,0,0
2008,50000,0,2,0,1,1,0
2020,1010,0,0,0,1,0,0
2012,48500,1,2,0,0,1,0
2011,20000,0,1,0,1,0,0
2013,72104,0,2,0,0,0,0
2014,40000,0,2,0,1,1,0
2013,93900,0,2,0,0,1,0
2019,20000,0,1,0,0,1,0
2013,15000,1,1,0,0,1,0
2014,101504,0,1,0,0,0,0
2017,20000,0,2,0,1,1,0
2007,100000,0,2,0,1,1,0
2012,55000,0,1,0,0,0,0
2013,53500,0,3,0,1,1,0
2009,70000,0,3,1,0,1,0
2018,35000,0,1,0,1,1,0
2017,67000,0,1,0,0,1,0
2013,90000,0,2,0,0,1,0
2007,100000,0,2,0,0,1,0
2012,80000,0,2,0,0,1,0
2013,25000,0,3,0,0,1,0
2016,35000,0,2,0,1,1,0
2013,78000,0,2,0,0,0,0
2011,62601,0,2,0,0,0,0
2010,120000,0,3,0,0,1,0
2017,15000,0,1,0,1,1,0
2019,5000,0,1,0,1,1,0
2019,1950,0,1,0,1,1,0
2008,120000,0,3,0,0,1,0
2019,5000,0,1,0,1,1,0
2010,45000,0,2,0,1,1,0
2013,62200,0,1,0,0,1,0
2012,90000,0,1,0,1,1,0
2010,80000,0,2,0,1,1,0
2016,35000,0,1,0,1,1,0
2009,58000,0,3,0,1,1,0
2014,28000,1,1,0,0,0,0
2010,80000,0,2,0,0,1,0
2007,70000,0,3,0,1,1,0
2013,10000,0,1,0,1,1,0
2008,70000,0,3,0,1,1,0
2016,45000,0,2,0,1,1,0
2014,52000,0,2,0,0,1,0
2013,60000,0,1,0,1,1,0
2008,60000,0,1,0,1,1,0
2015,60000,0,2,0,1,1,0
2015,60000,0,1,0,0,0,0
2013,50000,0,1,0,0,1,0
2017,73000,1,1,0,0,0,0
2012,80000,0,2,0,0,1,0
2015,61187,0,1,0,0,0,0
2013,25000,0,2,0,0,1,0
2015,60000,0,1,0,0,1,0
2012,90000,0,3,0,1,1,0
2011,50000,1,2,0,1,1,0
2011,100000,0,1,0,0,1,0
2018,68000,1,1,0,1,1,0
2014,80000,0,2,0,0,1,0
2014,90000,0,2,0,0,1,0
2013,80000,0,1,0,1,1,0
2015,146000,0,1,0,0,0,0
2011,70000,0,1,0,1,1,0
2015,30000,0,2,0,1,1,0
2009,75000,0,1,0,0,1,0
2014,28942,1,1,0,1,0,0
2012,40000,0,1,0,0,1,0
2019,10000,0,1,1,0,1,0
2013,50000,0,1,0,1,1,0
2012,71042,0,1,0,0,0,0
2016,80000,0,2,1,0,1,0
2012,48000,0,1,0,1,0,0
2018,25000,0,1,0,0,0,0
2016,70000,0,1,0,0,1,0
2013,20000,0,3,0,0,1,0
2013,89000,0,2,0,1,1,0
2013,60000,0,2,0,0,1,0
2018,40890,0,1,0,0,0,0
2007,90000,0,2,0,1,1,0
2019,9400,0,1,0,1,1,0
2011,120000,0,2,0,0,1,0
2014,25000,0,1,0,0,1,0
2013,52000,0,1,0,0,0,0
2014,37555,0,1,0,1,0,0
2014,110000,0,1,0,0,1,0
2015,70000,0,1,0,1,1,0
2019,12586,0,1,0,1,0,0
2017,30000,0,1,0,1,0,0
2019,15000,0,3,0,0,1,0
2020,25000,0,1,0,0,0,0
2012,82000,0,1,0,0,1,0
2010,115000,0,2,0,1,1,0
2005,150000,0,1,0,0,1,0
2011,60000,0,2,0,0,1,0
2013,200000,0,2,0,0,1,0
2009,62000,0,2,0,0,0,0
2016,90000,0,3,0,0,1,0
2016,25000,0,1,0,1,1,0
2017,71000,0,1,0,0,0,0
2010,100000,0,2,0,0,1,0
2018,20629,0,1,0,1,0,0
2019,1250,0,1,0,1,1,0
2019,5000,0,1,0,1,1,0
2004,69111,0,3,0,1,1,0
2020,1000,0,0,0,1,0,0
2010,90000,0,2,1,0,1,0
2009,120000,0,2,0,0,1,0
2008,90000,0,1,0,0,1,0
2014,38500,0,1,0,1,1,0
2019,120000,0,2,0,0,1,0
2018,14825,0,1,0,1,0,0
2015,200000,0,1,0,0,1,0
2017,30000,0,1,0,1,1,0
2012,110000,0,1,0,0,1,0
2008,25000,0,1,0,1,1,0
2015,19000,0,1,0,1,1,0
2012,75000,1,2,0,1,1,0
2013,13500,0,1,0,1,1,0
2015,70000,0,1,0,0,1,0
2015,60000,0,1,0,1,0,1
2016,100000,0,2,0,0,1,0
2018,70000,0,2,0,0,1,0
2007,162000,0,1,1,0,1,0
2013,95000,0,1,0,0,0,0
2012,120000,0,2,0,0,1,0
2012,90000,0,2,0,0,1,0
2012,47000,0,1,0,1,0,0
2017,36000,1,1,0,0,0,0
2013,90000,0,1,0,1,1,0
2020,5000,0,1,0,1,1,0
2017,60000,0,1,0,0,1,0
2012,60000,0,1,0,1,1,0
2017,44077,1,1,0,1,0,0
2017,75000,0,1,0,0,0,0
2013,66066,1,1,0,1,0,0
2010,80000,0,2,0,1,1,0
2007,130000,0,2,0,1,1,0
2018,14000,0,1,0,1,0,0
2018,80000,0,1,1,0,1,0
2009,20000,0,1,0,0,1,0
2017,19890,1,1,0,1,0,0
2006,105700,0,1,0,1,1,0
2018,40000,0,1,0,0,1,0
2017,15000,0,1,0,1,1,0
2017,66000,0,3,0,0,1,0
2015,65000,0,1,0,0,1,0
2017,19890,1,1,0,0,0,0
2013,28740,0,1,0,1,1,0
2009,100000,1,2,0,0,1,0
2013,90000,0,2,0,1,1,0
2014,50000,0,1,0,0,1,0
2014,17000,0,1,0,1,0,0
2018,27620,0,1,0,0,0,0
2012,90000,0,1,0,0,1,0
2012,60000,0,1,0,0,1,0
2016,60000,0,1,0,1,1,0
2014,64000,0,2,0,1,1,0
2016,72787,0,1,0,0,0,1
2016,120000,1,1,0,0,1,0
2015,23000,0,1,0,1,1,0
2013,80000,0,2,0,0,1,0
2012,90000,0,2,0,0,1,0
2010,80000,0,4,1,0,1,0
2012,185000,0,2,0,0,1,0
2018,20000,0,1,0,0,1,0
2012,80000,0,3,0,0,1,0
2011,235000,1,1,0,0,1,0
2013,170000,0,1,0,0,1,0
2010,80000,0,2,0,1,1,0
2011,50000,0,1,0,0,1,0
2014,99117,0,1,0,0,0,0
2014,50000,0,2,0,1,1,0
2001,50000,0,3,0,1,1,0
2012,80000,0,3,0,1,1,0
2012,100000,0,1,0,0,1,0
2017,15000,1,2,0,0,1,0
2016,54000,0,1,0,0,0,0
2015,120000,0,3,0,0,1,0
2012,20000,0,1,0,1,1,0
2018,13000,0,1,0,1,1,0
2011,135200,0,1,0,0,0,0
2012,110000,0,1,0,0,1,0
2011,90000,0,3,0,0,1,0
2010,60000,0,2,0,1,1,0
2014,90000,0,1,0,0,0,0
2006,62000,1,2,1,0,0,0
2011,72000,0,3,0,0,0,0
2011,120000,0,2,0,0,1,0
2015,50000,0,2,0,1,1,0
2014,64000,0,2,0,1,0,0
2012,60000,0,2,0,0,1,0
2018,25000,0,1,0,1,1,0
2009,110000,0,2,0,0,1,0
2008,35008,0,1,0,1,0,0
2013,41723,0,2,0,1,1,0
2009,120000,0,2,0,0,1,0
2015,60000,0,2,0,1,1,0
2008,82000,0,2,0,0,1,0
1999,70000,0,4,0,1,1,0
2012,70000,0,1,0,0,1,0
2005,120000,0,1,0,0,1,0
2011,60000,0,1,0,1,1,0
2012,156040,0,1,0,0,0,0
2007,120000,0,3,0,1,1,0
2010,60000,0,2,0,1,0,0
2014,115000,0,1,0,0,1,0
2010,60000,0,3,0,0,1,0
2018,21394,0,1,0,0,0,0
2015,120000,0,1,0,0,1,0
2019,40000,0,1,0,0,1,0
2013,60000,0,1,0,0,1,0
2016,60000,0,1,0,1,1,0
2014,80000,0,1,0,0,0,0
2011,100000,0,2,0,0,1,0
2012,60000,0,1,0,1,1,0
2010,80000,0,1,0,0,1,0
2009,120000,0,3,0,0,1,0
2017,70000,0,1,0,0,1,0
2012,70000,0,1,0,0,0,0
2019,1300,0,1,0,1,1,0
2014,72000,0,1,1,0,0,0
2014,100000,0,2,0,0,1,0
2009,50000,0,1,0,1,1,0
2013,81000,1,1,0,0,0,0
2014,110000,0,2,0,0,1,0
2017,20000,0,1,0,1,1,0
2008,30000,0,1,0,1,1,0
2019,40000,0,1,0,0,1,0
2013,49000,0,1,0,1,1,0
2010,60000,0,2,0,1,1,0
2015,80000,0,1,0,1,1,0
2019,3700,0,1,0,1,1,0
2018,15000,0,1,0,1,1,0
2012,42655,0,1,0,0,1,0
2015,128000,0,1,0,0,1,0
2011,58000,0,2,0,1,0,0
2010,70000,0,1,0,0,1,0
2007,115000,0,2,0,1,0,0
2010,77073,0,2,0,1,1,0
2006,80000,0,2,0,1,1,0
2017,44000,0,1,0,0,0,0
2015,11918,0,1,0,1,0,1
2017,50000,0,2,0,0,1,0
2007,120000,0,3,0,0,1,0
2011,70000,0,1,0,0,1,0
2006,100000,0,3,0,1,1,0
2015,77000,0,1,0,0,1,0
2016,25000,0,1,0,1,1,0
2017,17000,0,1,0,1,1,0
2010,50000,0,2,0,1,1,0
2009,100000,0,2,0,1,1,0
2013,110000,0,1,0,0,1,0
2012,110000,0,2,0,0,1,0
2008,120000,0,1,0,1,1,0
2018,70000,0,1,0,0,1,0
2013,95851,0,1,0,0,0,0
2016,120000,0,1,0,0,1,0
2014,90000,0,1,0,1,1,0
2005,70000,0,2,0,1,1,0
2018,5000,0,1,0,1,1,0
2010,128000,0,1,0,1,1,0
2008,35000,0,2,0,1,1,0
2010,190000,0,4,0,0,1,0
2014,100000,0,2,0,0,1,0
2013,120000,0,3,0,0,1,0
2013,25000,0,2,0,0,1,0
2012,110000,0,2,0,0,1,0
2006,110000,0,1,0,1,1,0
2018,10000,0,1,0,1,1,0
2011,60000,0,3,0,1,1,0
2013,100000,0,1,0,1,1,0
2007,60000,0,2,0,1,1,0
2015,60000,0,2,0,0,1,0
2013,120000,0,1,0,0,1,0
2014,80000,0,2,0,1,1,0
2011,100000,0,2,0,0,1,0
2011,36000,0,1,0,1,0,0
2013,151000,0,2,0,0,1,0
2013,20000,0,1,0,1,1,0
2015,35000,1,1,0,0,1,0
2013,90000,0,1,0,0,1,0
2010,150000,0,2,0,0,1,0
2017,30300,0,1,0,1,1,0
2012,110000,0,2,0,0,1,0
2013,40000,0,1,0,0,1,0
2009,120000,0,1,0,0,1,0
2018,8000,0,1,0,1,1,0
2000,90000,0,2,0,1,1,0
2013,80000,0,1,0,0,0,0
2012,120000,0,1,0,0,1,0
2008,213000,0,1,0,0,1,0
2014,87000,0,2,0,0,1,0
2013,60000,0,2,0,1,1,0
2017,25000,0,1,0,1,1,0
2013,100000,0,1,0,0,1,0
2018,20000,0,1,0,1,1,0
2017,16000,0,1,0,1,1,0
2012,35000,0,1,0,0,1,0
2018,70000,0,1,0,1,1,0
2014,79350,0,2,0,0,1,0
2015,12000,0,1,0,1,1,0
2013,120000,0,1,0,0,1,0
2011,65500,0,1,0,0,1,0
2016,24000,0,1,0,0,0,0
2014,60000,0,1,0,0,1,0
2011,53000,0,2,0,1,0,0
2009,80000,0,2,0,1,1,0
2018,20000,0,1,0,0,1,0
2012,109052,0,1,0,0,0,0
2009,60000,0,2,0,1,1,0
2015,73000,0,2,0,0,0,0
2017,80000,0,1,0,0,1,0
2016,53000,0,2,0,1,1,0
2006,300000,0,1,0,0,1,0
2019,5200,0,1,0,1,1,0
2010,100000,0,3,0,0,1,0
2013,60000,0,1,0,1,1,0
2015,120000,0,1,0,0,1,0
2004,100000,0,3,0,0,1,0
2017,60000,0,2,0,0,1,0
2007,76731,1,1,0,0,0,0
2011,110000,0,1,0,0,1,0
2019,11000,1,1,0,1,1,0
2018,10000,0,1,0,0,1,0
2009,60000,0,3,0,1,1,0
2017,17563,0,1,0,1,1,0
2010,100000,0,1,0,0,1,0
2008,40000,0,1,0,1,1,0
2008,35000,0,2,0,1,1,0
2014,30000,0,1,0,0,1,0
2015,90000,0,1,0,1,1,0
2015,70000,0,1,0,0,1,0
2013,80000,0,1,0,0,1,0
2015,175000,0,1,0,0,1,0
2011,130400,1,2,0,0,0,0
1998,70000,0,3,0,1,1,0
2016,40000,0,1,0,0,1,0
2009,120000,0,2,0,1,1,0
2018,40000,0,2,0,0,1,0
2011,81257,0,1,0,0,0,0
2014,60000,0,2,0,1,1,0
2016,47000,0,1,0,0,1,0
2017,20000,1,1,0,0,1,0
2018,5000,0,1,0,0,1,0
2011,80000,0,1,0,0,1,0
2016,60000,0,2,0,1,1,0
2015,35000,0,1,0,1,1,0
2015,40000,0,2,0,0,1,0
2011,140000,0,1,0,0,1,0
2013,25000,0,1,0,1,1,0
2013,100000,0,1,0,1,1,0
2012,80000,0,2,0,0,1,0
2016,42500,0,1,0,0,0,0
2015,10000,0,1,0,1,1,0
2015,55000,0,1,0,0,1,0
2018,17500,0,1,0,1,1,0
2016,50000,0,1,0,0,1,0
2011,120000,0,1,0,0,1,0
2016,60000,0,1,0,0,1,0
2014,58000,0,1,0,1,1,0
2017,60000,0,1,0,0,1,0
2009,57000,0,2,0,0,0,0
2010,34500,0,2,0,1,1,0
2018,30000,0,1,0,0,1,0
2012,80000,0,1,0,0,1,0
2016,175000,0,1,0,0,1,0
2018,24000,1,1,0,0,1,0
2013,60000,0,1,0,1,1,0
2015,40000,1,2,0,1,1,0
2015,90000,0,1,0,0,1,0
2020,5000,0,1,0,1,1,0
2018,10000,0,1,0,1,1,0
2017,55000,0,1,0,0,0,0
2017,18500,0,1,0,1,0,0
2019,5000,0,1,0,1,1,0
2011,140000,0,2,0,0,1,0
2008,100000,0,4,0,0,1,0
2006,140000,0,2,0,1,1,0
2015,90000,0,2,0,0,1,0
2013,46000,0,1,0,0,1,0
2011,60000,0,1,0,0,1,0
2016,77350,1,1,0,0,0,0
2011,60000,0,2,0,0,1,0
2013,35000,0,1,0,0,1,0
2014,57000,0,2,0,0,1,0
2015,50000,0,2,0,0,1,0
2009,80000,0,1,0,1,1,0
2005,60000,0,1,0,1,1,0
2013,80000,0,1,0,1,1,0
2013,50000,0,1,0,1,1,0
2018,35000,0,1,0,0,1,0
2013,97248,0,1,0,1,0,0
2015,60000,0,1,0,0,1,0
2018,5000,0,1,0,0,1,0
2017,80000,0,1,0,0,1,0
2017,60000,0,1,0,0,1,0
2017,41000,1,1,0,0,1,0
2013,120000,0,1,0,0,1,0
2020,4000,1,1,0,1,1,0
2016,60000,0,1,0,1,1,0
2016,41000,0,1,0,1,1,0
2011,74000,0,2,0,0,1,0
2018,35000,0,1,0,1,1,0
2013,120000,0,1,0,0,1,0
2016,25000,0,1,0,1,1,0
2013,40000,1,2,0,1,1,0
2013,86000,1,1,0,0,0,0
2018,15000,1,1,0,0,1,0
2006,120000,0,2,0,1,1,0
2013,60000,1,1,0,0,0,0
2007,78380,0,1,0,1,1,0
2007,60000,0,2,0,1,1,0
2012,90000,0,1,0,0,1,0
2008,90000,0,2,0,0,1,0
2014,29000,0,1,1,0,1,0
2013,66000,0,1,0,0,1,0
2019,10000,0,1,0,1,1,0
2016,35000,0,1,0,0,1,0
2012,50000,0,2,0,0,1,0
2011,120000,0,1,0,0,1,0
2018,12500,0,1,0,1,1,0
2017,60000,0,1,0,1,1,0
2012,70000,0,2,0,1,1,0
2012,212814,0,1,0,0,0,0
2013,46507,0,1,0,0,0,1
2018,50000,0,1,0,0,1,0
2013,50000,0,1,0,0,1,0
2005,80000,0,3,0,1,1,0
2009,120000,0,2,0,0,1,0
2003,60000,0,3,0,0,1,0
2016,160000,0,1,0,0,1,0
2017,6480,0,1,0,1,0,1
2009,72000,0,2,0,0,1,0
2013,80000,0,1,0,0,1,0
2013,80000,0,1,0,1,0,0
2011,99000,0,2,0,0,1,0
2015,80000,0,1,0,1,1,0
2017,60000,0,1,0,1,1,0
2006,63230,0,2,0,1,1,0
2019,30000,0,1,0,1,0,0
2016,70000,0,3,0,1,1,0
2014,46000,1,1,0,0,1,0
2017,60000,1,1,0,0,0,0
2010,25000,0,1,0,1,1,0
2018,5000,0,1,0,0,1,0
2015,60000,0,1,0,1,1,0
2015,70000,0,1,0,1,1,0
2015,110000,0,1,1,0,1,0
2015,45000,0,1,0,1,1,0
2012,50000,0,1,0,1,1,0
2013,100000,0,1,0,0,1,0
2016,12000,0,1,0,1,1,0
2018,49000,0,1,0,0,0,0
2017,19000,0,1,0,1,1,0
2016,120000,0,1,0,1,1,0
2015,30000,0,1,0,1,1,0
2016,25000,0,1,0,0,1,0
2015,60000,0,2,0,0,1,0
2015,170000,0,2,0,0,1,0
2017,1758,1,1,0,1,0,0
2008,70000,0,2,0,1,1,0
2014,43000,0,1,0,1,0,0
2014,60000,0,1,1,0,1,0
2011,110000,0,1,1,0,1,0
2016,55838,0,1,0,1,0,0
2015,23839,0,1,0,1,0,0
2017,22000,0,1,0,0,0,0
2013,60000,0,2,0,0,1,0
2001,86000,0,2,0,1,1,0
2007,195000,0,3,0,0,1,0
2018,6000,0,1,0,1,1,0
1999,100000,0,2,0,1,1,0
2013,115000,0,3,0,0,1,0
2018,20000,0,1,0,1,1,0
2016,20000,0,1,0,1,1,0
2014,70000,0,1,0,1,1,0
2005,100000,0,4,0,1,1,0
2006,83411,0,1,0,1,1,0
2004,90000,0,4,0,1,1,0
2018,14500,0,1,0,1,0,0
2010,75000,0,3,0,0,1,0
2017,37000,0,1,0,1,1,0
2008,100000,0,2,0,1,1,0
2018,25000,0,1,0,1,1,0
2018,50000,0,1,0,0,1,0
2017,60000,0,1,0,1,1,0
2014,60000,1,3,0,0,1,0
2009,76000,0,2,0,1,1,0
2007,60000,1,1,0,1,1,0
2010,210000,0,2,0,0,1,0
2014,110000,0,1,0,0,1,0
2013,50000,0,1,0,0,1,0
2019,1200,0,1,0,1,1,0
2011,70000,0,1,0,0,1,0
2008,90000,1,2,0,0,1,0
2014,110000,0,2,0,0,1,0
2014,135000,0,2,0,0,1,0
2013,100000,0,2,0,0,1,0
2013,110000,0,1,0,0,1,0
2017,43235,0,1,0,0,0,0
2019,60000,0,1,0,1,1,0
2019,15000,0,1,0,0,1,0
2007,100000,0,2,0,0,1,0
2017,15000,0,1,0,1,1,0
2012,90000,0,2,0,1,1,0
2013,110000,0,3,0,0,1,0
2012,60000,1,3,0,1,1,0
2017,40000,0,1,0,0,0,0
2013,80000,0,1,0,1,1,0
2013,110000,0,1,0,0,1,0
2019,10000,0,1,0,0,1,0
2010,50000,0,2,0,1,1,0
2015,120000,0,2,0,1,1,0
2006,90000,1,2,0,1,1,0
2013,50300,0,1,0,0,1,0
2017,100000,0,1,0,0,1,0
2015,40000,0,1,0,1,1,0
2016,58000,0,1,0,0,0,0
2014,71014,0,1,0,0,0,0
2012,80000,0,1,0,0,1,0
2016,60000,0,1,0,1,0,0
2009,110000,0,2,0,0,1,0
2015,70000,0,1,0,1,1,0
2016,21000,0,1,0,1,1,0
2011,80000,0,3,0,0,1,0
2011,160000,0,1,0,0,1,0
2007,60000,0,3,0,1,1,0
2011,40000,0,2,0,1,1,0
2018,25000,1,1,0,1,1,0
2015,148620,0,1,0,0,0,0
2016,64000,0,1,0,0,0,0
2013,35000,0,1,0,1,1,0
2017,40000,0,1,0,0,1,0
2015,35000,0,1,0,1,1,0
2017,99700,0,1,0,0,1,0
2013,80000,0,1,0,0,1,0
2015,35000,0,1,0,1,0,0
2007,80000,0,3,0,1,1,0
2017,41000,0,1,0,1,0,0
2008,29173,0,1,0,1,0,0
2015,70000,0,1,0,1,1,0
2010,90000,0,1,0,1,1,0
2012,53122,0,2,0,1,0,0
2012,118000,1,2,0,0,1,0
2009,95000,0,2,0,0,1,0
2012,90000,0,1,0,1,1,0
2017,50000,0,1,0,1,1,0
2020,40000,0,1,0,1,1,0
2018,40000,0,1,0,0,1,0
2007,110000,0,2,0,0,1,0
2016,50000,0,2,0,0,1,0
2012,72000,1,2,0,0,0,0
2013,61083,0,1,0,0,0,0
2019,10000,0,1,0,1,1,0
2003,110000,0,2,0,0,1,0
2016,80000,0,1,0,0,1,0
2013,49000,1,2,0,0,0,0
2016,60000,0,1,0,1,1,0
2013,123084,0,1,0,1,0,0
2013,50000,0,1,0,0,1,0
2012,90000,1,2,0,0,1,0
2011,190000,0,3,0,0,1,0
2016,50000,0,2,0,0,1,0
2018,5000,0,1,0,1,1,0
2011,54000,0,1,0,0,1,0
2016,72000,0,1,0,0,1,0
2014,50000,0,1,0,0,1,0
2008,60000,0,1,0,1,1,0
2016,110000,0,1,0,0,1,0
2006,100000,0,2,0,0,1,0
2007,40000,0,2,0,1,1,0
2017,120000,0,1,0,0,1,0
2016,20000,0,1,0,0,1,0
2004,73000,0,4,0,1,1,0
2014,70000,0,3,0,1,1,0
2013,107000,0,1,0,0,1,0
2019,51000,0,1,0,1,1,0
2013,57353,0,1,0,1,0,1
2013,42000,0,1,0,0,1,0
2013,222252,0,1,0,0,1,0
2008,67000,0,1,0,1,1,0
2015,32000,0,1,0,0,1,0
2019,16000,0,1,0,0,1,0
2011,90000,0,4,0,0,1,0
2009,67067,0,1,0,1,0,0
2016,40000,0,1,0,1,1,0
2013,27974,0,1,0,1,1,0
2011,60000,0,3,0,1,1,0
2014,61000,0,1,0,0,0,0
2013,75000,0,1,0,0,1,0
2015,46000,0,1,0,1,1,0
2011,100000,0,2,0,1,1,0
2010,100000,0,3,0,0,1,0
2013,80000,0,2,0,0,1,0
2014,101000,0,1,0,0,0,0
2003,57000,0,1,0,0,1,0
2015,20000,0,1,0,1,0,0
2014,135000,0,1,0,0,0,0
2017,40000,1,1,0,1,1,0
2008,110000,0,3,0,1,1,0
1998,35000,1,2,0,1,1,0
2015,97000,0,2,0,0,0,0
2015,110000,0,2,0,0,1,0
2018,25000,1,1,0,1,1,0
2018,10000,0,1,0,1,1,0
2013,35000,0,1,0,1,1,0
2008,60000,0,4,0,1,1,0
2014,40000,0,1,0,1,1,0
2015,90000,0,3,0,0,1,0
2013,31800,0,1,0,0,0,0
2016,40000,0,1,0,1,1,0
2015,50000,0,1,0,1,1,0
2018,20000,0,1,0,0,1,0
2017,46000,0,1,0,1,1,0
2004,70000,1,2,0,1,1,0
2012,50000,0,1,0,1,1,0
2017,27005,0,1,0,0,0,0
2016,25000,0,1,0,1,1,0
2014,82000,0,1,0,0,1,0
2005,110000,0,2,1,0,1,0
2014,40000,0,1,0,0,1,0
2015,35000,0,2,0,1,1,0
2015,75000,0,2,0,0,0,0
2018,60000,1,1,0,1,0,0
2007,100000,0,3,0,0,1,0
2014,70000,0,3,0,0,1,0
2013,55000,0,1,0,0,1,0
2013,110000,0,2,0,0,1,0
2017,60000,0,1,0,0,1,0
2011,59000,0,2,0,1,1,0
2012,160000,0,1,0,0,1,0
2011,155000,0,1,0,1,1,0
2007,80000,0,2,0,1,1,0
2017,43500,0,1,0,1,1,0
2017,55545,0,1,0,0,0,0
2019,25000,0,1,0,0,1,0
2006,79000,0,4,0,1,0,0
2017,20118,1,1,0,1,0,0
2016,80000,0,1,0,0,1,0
2017,35000,0,1,0,0,1,0
2008,100000,0,1,0,0,1,0
2015,52328,0,1,0,0,0,0
2011,149674,0,2,0,0,0,0
2014,42215,1,1,0,0,0,0
2003,132343,0,2,0,1,1,0
2008,70000,0,3,0,1,1,0
2013,41000,0,1,0,1,0,0
2014,80000,0,2,0,0,1,0
2013,60000,0,2,0,0,1,0
2016,39415,1,2,0,1,0,1
2014,150000,0,1,0,0,1,0
2017,12997,0,1,0,0,0,0
2019,4000,0,1,1,0,1,0
2013,75000,0,2,0,0,1,0
2018,25000,0,1,0,1,1,0
2013,62000,0,2,0,1,1,0
2010,70000,0,1,0,0,1,0
2008,120000,0,2,0,0,1,0
2007,90000,0,1,0,1,1,0
2012,80000,0,2,0,0,1,0
2014,55850,0,1,0,0,0,0
2017,40000,1,1,0,0,1,0
2000,88500,0,4,0,1,1,0
2006,75000,0,2,0,0,1,0
2018,22000,1,1,0,1,1,0
2010,38000,0,1,0,1,0,0
2011,110000,0,1,0,0,1,0
2020,1010,0,0,0,1,0,0
2012,100000,0,1,0,0,1,0
2013,59319,0,1,0,1,0,0
2015,87000,0,3,0,0,1,0
2017,46000,0,1,0,1,1,0
2015,80000,0,1,0,0,1,0
2010,90000,0,1,0,0,1,0
2018,19000,0,2,0,1,1,0
2007,125000,0,1,0,1,1,0
2011,100000,0,1,0,0,1,0
2015,90000,0,1,0,0,1,0
2007,100000,0,4,1,0,1,0
2012,100000,0,2,0,0,1,0
2000,60000,0,4,0,1,1,0
2013,100000,0,2,0,1,1,0
2017,66000,0,1,0,0,0,0
2012,60000,0,1,0,0,1,0
2006,64700,0,1,0,1,1,0
2018,42000,0,1,0,0,1,0
2011,97700,0,4,0,1,1,0
2015,80000,0,2,0,0,1,0
2016,51000,0,1,0,0,0,0
2012,90000,0,2,0,1,1,0
2014,39227,0,1,0,1,0,0
2012,110000,0,4,0,0,1,0
2018,60000,0,1,0,1,1,0
2012,90000,0,1,0,0,1,0
2014,77000,0,1,0,0,0,0
2014,135000,1,3,0,0,1,0
2017,65500,1,1,0,0,0,0
2012,44000,0,1,0,1,1,0
2016,63400,0,1,0,1,1,0
2008,70000,0,1,0,1,1,0
2016,100000,0,2,0,0,1,0
2011,90000,0,3,0,0,1,0
2017,60000,0,2,0,0,1,0
2016,80000,0,1,0,0,1,0
2016,41000,0,1,0,1,0,0
2018,18000,1,1,0,1,1,0
2015,70000,0,1,0,0,1,0
2012,97000,0,1,0,0,1,0
2007,60000,0,2,0,1,1,0
2012,55130,0,1,0,0,0,0
2016,110000,1,1,0,0,1,0
2015,98000,0,1,0,0,0,0
2012,80000,0,2,0,0,1,0
2015,50000,0,2,0,1,1,0
2006,110000,0,3,0,1,1,0
2018,60000,1,1,0,1,1,0
2008,75000,0,2,0,1,1,0
2012,70000,0,2,0,0,1,0
2018,23974,1,2,0,0,0,0
2017,49213,0,1,0,0,0,0
2009,80000,0,2,0,1,1,0
2019,10000,1,1,0,1,1,0
2017,50000,0,1,0,0,1,0
2015,25000,0,1,0,1,1,0
2016,40000,0,1,0,1,1,0
2008,100000,0,3,0,0,1,0
2017,90000,0,1,0,0,1,0
2018,38083,0,1,0,0,0,0
2013,45766,0,2,0,0,1,0
2007,70000,0,1,0,1,1,0
2016,30000,0,1,0,1,1,0
2014,100000,0,2,0,0,1,0
2016,125000,0,1,0,1,1,0
2019,13900,0,1,0,1,1,0
2016,49217,0,1,0,1,0,1
2018,25000,0,1,0,0,1,0
2018,30000,0,1,0,1,0,0
2012,40000,0,1,0,1,0,0
2014,70000,0,1,0,0,1,0
2018,41395,1,1,0,1,1,0
2008,80000,0,2,0,1,1,0
2016,56000,0,1,0,1,0,0
2011,97000,0,2,0,0,1,0
2013,120000,0,1,0,0,1,0
2012,33800,1,2,0,0,0,0
2010,110000,0,2,0,0,1,0
2014,100000,1,2,0,0,1,0
2015,60000,0,1,0,0,1,0
2005,80000,0,1,0,0,1,0
2012,100000,0,3,0,1,1,0
2011,80000,0,1,0,0,1,0
2014,89741,0,2,0,0,0,0
2010,50000,0,3,0,1,1,0
2015,110000,0,2,0,1,1,0
2015,90000,0,3,0,0,1,0
2015,75000,0,2,0,0,0,0
2000,60000,0,1,0,1,1,0
2018,44000,0,1,0,0,1,0
2012,68000,0,1,0,0,0,0
2018,29000,0,1,0,0,0,0
2016,60000,0,1,0,0,1,0
1999,70000,0,1,0,1,1,0
2012,50000,0,2,0,1,1,0
2002,50000,0,3,0,0,1,0
2018,20000,0,1,0,1,1,0
2017,19014,0,1,0,1,1,0
2012,92000,0,3,0,0,0,0
2006,90000,0,3,0,1,1,0
2016,38000,0,1,0,0,0,0
2005,50000,0,2,0,1,1,0
2011,40000,0,1,0,1,1,0
2017,50000,0,1,0,1,1,0
2015,3600,0,1,0,0,0,0
2014,55000,0,1,0,1,1,0
2018,11700,1,1,0,1,0,0
2010,50000,0,1,0,1,1,0
2005,80000,0,3,0,1,1,0
2016,20000,0,1,0,1,1,0
2011,80000,0,3,0,0,1,0
2014,44875,0,1,0,0,0,0
2013,100000,0,2,0,0,1,0
2015,58692,0,1,0,0,0,1
2014,218000,0,2,0,0,1,0
2013,100000,0,2,0,0,1,0
2011,60000,0,1,0,0,1,0
2001,49359,0,3,0,1,1,0
2017,40000,0,1,0,1,1,0
2017,13000,1,1,0,0,1,0
2010,60000,0,1,0,1,1,0
2013,41041,0,1,0,1,0,0
2015,15000,0,1,0,0,1,0
2013,60000,0,1,0,0,1,0
2009,60000,0,1,0,1,1,0
2020,10000,0,1,0,0,1,0
2015,45000,0,1,0,1,1,0
2018,20000,0,1,0,0,1,0
2016,75000,0,1,0,0,1,0
2019,60000,0,1,0,1,1,0
2020,60000,0,1,0,1,1,0
2017,50000,0,1,0,1,1,0
2009,79000,0,3,0,1,1,0
2017,43000,0,1,0,0,1,0
2015,65000,0,1,0,0,0,0
2010,135000,0,1,0,0,1,0
2018,20000,0,1,0,1,1,0
2017,50000,0,4,0,1,1,0
2018,60000,0,1,0,0,1,0
2019,40000,0,1,0,1,1,0
2016,35000,0,1,0,1,1,0
2017,13599,1,1,0,1,0,0
2015,100000,0,1,0,0,1,0
2018,5000,0,1,0,1,1,0
2011,100000,1,2,0,0,1,0
2014,60000,0,3,0,0,1,0
2013,60000,0,1,0,0,1,0
2019,30000,1,1,0,0,0,0
2013,71000,0,2,1,0,1,0
2006,101100,0,3,0,0,1,0
2020,40000,0,1,1,0,1,0
2017,72000,0,1,0,0,0,0
2012,80000,0,2,0,0,1,0
2008,70000,1,1,0,1,1,0
2018,20000,0,1,0,1,1,0
2008,140000,0,2,0,0,1,0
2010,90000,0,3,0,0,1,0
2015,26134,0,1,0,1,0,0
2017,16400,0,1,0,0,1,0
2010,150000,0,2,0,0,1,0
2009,40000,1,3,0,1,1,0
2014,60000,0,2,0,1,1,0
2006,124439,0,2,0,1,1,0
2018,10000,0,1,0,1,1,0
2017,3000,0,1,0,0,1,0
2011,60000,0,3,0,1,1,0
2017,49834,0,1,0,1,0,1
2013,80000,0,1,0,0,1,0
2013,80000,0,4,0,0,1,0
2013,75000,0,1,0,0,0,0
2011,20000,0,1,0,1,1,0
2017,160000,0,1,0,0,1,0
2011,80000,0,2,0,0,1,0
2016,25061,0,1,0,0,0,0
2008,103921,0,2,0,1,1,0
2013,29000,0,1,0,0,1,0
2014,35000,0,1,0,1,1,0
2013,47253,0,1,0,0,0,0
2017,30000,0,1,0,1,1,0
2018,10980,1,1,0,1,0,0
2009,50000,0,1,0,1,1,0
2016,24662,0,1,0,1,1,0
2013,30000,0,1,0,1,1,0
2009,30000,0,2,0,1,1,0
2013,47000,0,1,0,1,0,0
2003,78098,0,1,0,1,1,0
2016,65000,0,1,0,0,1,0
2003,60000,0,1,0,1,1,0
2015,17152,0,1,0,1,1,0
2006,70000,1,1,0,1,1,0
2014,60000,0,2,0,0,1,0
2016,20000,0,1,0,1,1,0
2010,80000,0,2,1,0,1,0
2014,40000,0,1,0,1,0,0
1999,90000,0,4,0,1,1,0
2016,93000,0,1,0,0,1,0
2013,60000,0,2,0,0,1,0
2007,58000,0,2,0,1,0,0
2019,20000,0,1,0,1,1,0
2007,10211,0,1,0,1,1,0
2010,90000,0,2,1,0,1,0
2018,40000,1,1,0,0,1,0
2012,70070,1,1,0,0,0,0
2014,70000,0,2,0,0,1,0
2012,84775,0,1,0,1,0,0
2013,110000,0,2,0,1,1,0
2014,44000,0,1,0,0,1,0
2013,75000,0,1,0,0,1,0
2011,40000,0,2,0,0,1,0
2015,45000,0,2,0,1,1,0
2007,50000,0,2,0,1,1,0
2009,100000,0,2,0,0,1,0
2020,1010,0,0,0,1,0,0
2014,125000,0,2,0,0,1,0
2017,75000,1,1,0,0,1,0
2011,100000,0,1,0,0,1,0
2007,70000,0,2,0,1,1,0
2018,31000,0,1,0,1,1,0
2015,46957,1,1,0,0,0,0
2012,110000,0,1,0,0,1,0
2015,17100,0,2,0,1,0,0
2014,133000,0,1,0,0,1,0
2011,160000,0,2,0,0,1,0
2013,50000,0,1,0,0,1,0
2019,10000,0,1,0,1,1,0
2020,10000,0,1,0,1,1,0
2016,90000,0,2,0,0,1,0
2015,63240,0,1,0,0,0,1
2014,15000,0,1,0,1,1,0
2009,134000,1,1,0,0,1,0
2015,25000,0,1,0,1,1,0
2017,78000,0,1,1,0,1,0
2013,53000,0,1,0,1,0,0
2015,74820,0,1,0,0,1,0
2017,64000,0,1,0,0,0,0
2016,10000,1,1,0,1,1,0
2014,20000,0,1,0,1,1,0
2004,50000,0,2,0,1,1,0
2007,180000,0,3,0,1,1,0
2011,120000,0,2,0,1,1,0
2012,80000,0,2,0,0,1,0
2015,40000,0,1,0,0,1,0
2008,120000,0,3,0,1,1,0
2014,52000,0,1,0,0,0,0
2017,19000,0,1,0,1,1,0
2020,1100,0,1,0,1,1,0
2012,80000,0,2,0,0,1,0
2012,110000,0,1,0,0,1,0
2015,50000,0,2,0,1,1,0
2012,53600,0,1,0,0,0,0
2012,60000,0,2,0,1,1,0
2005,120000,0,2,0,1,1,0
2014,40000,0,1,0,1,1,0
2018,10000,1,1,0,0,0,0
2008,54551,0,1,0,1,0,0
2011,120000,0,1,0,0,1,0
2016,23000,0,2,0,1,0,0
2011,80000,0,2,0,0,1,0
2009,23262,0,1,0,1,0,0
2014,27000,0,1,0,0,0,0
2011,70000,0,2,0,1,1,0
2013,60000,0,1,0,0,1,0
2017,82080,1,1,0,0,1,0
2017,53261,0,1,0,1,0,0
2014,70000,0,3,0,1,1,0
2016,60000,0,1,0,0,1,0
2019,17000,1,1,0,0,0,0
2017,30000,1,1,0,0,1,0
2012,109000,0,1,0,0,1,0
2012,129627,0,1,0,0,0,0
2009,48000,0,1,0,1,1,0
2018,35000,1,1,0,1,1,0
2008,90000,0,2,0,1,1,0
2005,60000,0,1,0,1,1,0
2007,85000,0,1,0,1,0,0
1998,35000,0,2,1,0,1,0
2018,4000,0,1,0,1,1,0
2018,60000,0,1,0,0,1,0
2018,40000,0,1,0,1,1,0
2014,136906,0,1,0,0,1,0
2017,36000,0,1,0,0,0,0
2014,38406,0,1,0,0,0,0
2007,47000,1,1,0,1,0,0
2017,6500,1,1,0,0,0,0
2013,25000,0,3,0,1,1,0
2013,80000,0,1,0,0,1,0
2013,25000,0,2,0,1,1,0
2020,5000,0,1,0,1,1,0
2017,7658,1,1,0,0,0,0
2011,110000,0,3,0,0,1,0
2005,250000,0,2,0,0,1,0
2005,30000,0,1,0,1,1,0
2010,80000,0,2,0,0,1,0
2014,50000,0,1,0,1,1,0
2013,60000,0,2,0,0,1,0
2010,70000,0,1,0,1,1,0
2005,150000,0,2,0,0,1,0
2008,100000,0,3,0,1,1,0
2014,120000,0,1,0,0,1,0
2020,1000,0,1,0,1,1,0
2014,70000,0,2,0,0,1,0
2017,40000,0,1,0,0,1,0
2016,25000,0,1,0,1,1,0
2013,100000,0,2,0,0,1,0
2009,100000,0,1,0,1,1,0
2012,70000,0,3,0,1,1,0
2015,45974,0,1,0,0,0,1
2017,51500,0,2,0,0,1,0
2009,45000,1,3,0,0,1,0
2015,60000,0,1,0,0,1,0
2013,60000,0,2,0,1,1,0
2016,35000,0,2,0,0,1,0
2019,35000,0,1,0,0,1,0
2011,41125,0,1,0,1,0,0
2009,60000,0,2,0,1,1,0
2014,74000,0,2,0,0,1,0
2010,130000,0,2,0,0,1,0
2011,90000,0,3,0,0,1,0
2009,63500,1,1,0,1,0,0
2015,100000,0,1,0,0,0,0
2006,83411,0,1,0,1,1,0
2015,23800,0,2,0,1,1,0
2017,25000,0,1,0,1,0,0
2012,38000,0,1,0,1,1,0
2008,70000,0,1,0,1,1,0
2015,82695,0,1,0,0,0,0
2019,60000,0,1,0,1,1,0
2017,20000,0,1,0,0,1,0
2011,50000,0,1,0,1,1,0
2012,89000,0,2,0,0,1,0
2013,90000,0,3,0,0,1,0
2012,40000,0,1,0,1,1,0
2019,10000,0,1,0,1,1,0
2012,120000,0,2,0,0,1,0
2012,50000,0,1,0,0,1,0
2001,117000,0,2,0,1,1,0
2016,13000,1,1,0,1,0,0
2018,30000,0,1,0,1,1,0
2015,73000,0,3,0,0,1,0
2015,70000,0,1,0,1,1,0
2009,70000,0,1,0,1,1,0
2015,48238,1,1,0,1,0,1
2017,40000,0,2,0,1,1,0
2009,100000,0,3,0,0,1,0
2016,105429,0,1,0,1,0,0
2007,80000,0,2,0,1,1,0
2014,20000,0,1,0,0,1,0
2007,80000,0,2,0,1,1,0
2013,80000,0,3,0,0,1,0
2003,100000,0,2,0,1,1,0
2016,80000,0,2,0,0,1,0
2017,20000,0,1,0,1,1,0
2010,50000,0,1,0,1,1,0
2017,82000,1,1,0,1,1,0
2012,60000,0,2,0,0,1,0
2018,25000,0,1,0,0,1,0
2009,30375,0,1,0,1,0,0
2010,60000,0,2,0,1,1,0
2014,68293,0,2,0,0,0,0
2009,80000,0,2,0,1,1,0
2011,62000,0,2,0,1,1,0
2007,60000,0,3,0,1,1,0
2014,13270,0,1,0,0,1,0
2013,60400,0,1,0,0,1,0
2012,142000,0,1,0,0,1,0
2010,40000,0,2,0,1,1,0
2014,100000,0,2,0,1,1,0
2020,1000,0,1,0,1,1,0
2007,54000,0,1,0,1,1,0
2012,15000,0,1,0,1,1,0
2013,63000,0,1,0,0,1,0
2018,19000,0,1,0,1,1,0
2007,110000,1,4,0,0,1,0
2012,140000,0,2,0,0,1,0
2015,90000,0,2,0,0,1,0
2013,38000,1,1,0,1,0,0
2017,50000,0,1,0,0,1,0
2012,100000,0,2,0,0,1,0
2017,14100,0,1,1,0,0,0
2015,29000,0,1,0,1,0,0
2017,20000,0,1,0,1,1,0
2019,25000,0,1,0,0,1,0
2002,120000,0,4,0,0,1,0
2009,70000,0,1,0,1,1,0
2011,24000,0,1,0,1,0,0
2019,8000,0,1,0,1,1,0
2014,250000,0,2,0,0,1,0
2010,120000,0,2,0,0,1,0
2015,100000,0,1,0,0,1,0
2013,60000,1,1,0,0,0,0
2017,140000,0,1,0,0,1,0
2019,11000,0,1,0,1,1,0
2018,28635,0,1,0,1,0,0
2010,67000,0,3,0,1,1,0
2019,120000,0,1,1,0,1,0
2019,10000,0,1,0,0,1,0
2012,70000,0,2,0,1,1,0
2019,33000,0,1,0,0,1,0
2010,110000,1,1,0,1,1,0
2015,120000,0,1,0,0,1,0
2012,40000,0,1,0,0,1,0
2012,50000,0,1,0,1,1,0
2018,60000,0,1,0,0,1,0
2010,96000,0,2,0,0,1,0
2009,90000,0,1,0,0,1,0
2015,30000,0,1,0,1,1,0
2020,101,0,0,0,1,1,0
2010,50000,0,1,0,1,1,0
2005,120000,0,2,0,0,1,0
2017,70000,0,2,0,1,1,0
2018,9422,1,1,0,0,1,0
2014,25000,0,1,0,1,1,0
2015,30000,0,1,0,1,1,0
2018,60000,0,1,0,0,1,0
2015,20969,0,1,0,1,1,0
2015,24600,0,1,0,1,0,0
2011,60000,0,3,0,1,1,0
2018,20000,0,1,0,0,1,0
2012,76290,0,1,0,0,0,0
2013,70000,0,2,0,0,1,0
2018,40000,0,1,0,1,1,0
2018,20000,0,1,0,1,1,0
2015,61690,0,1,0,0,0,0
2019,10000,0,1,0,1,1,0
2014,170000,0,1,0,0,1,0
2011,110000,0,2,0,0,1,0
2013,70000,0,2,0,0,1,0
2017,35000,0,1,0,0,1,0
2013,53000,1,1,0,0,0,0
2016,72500,0,1,0,1,0,0
2014,61000,0,1,0,1,1,0
2018,11200,0,1,0,1,1,0
2011,125000,0,3,0,0,1,0
2015,60000,0,1,0,1,0,0
2020,1111,0,0,0,1,0,0
2014,100000,0,1,0,1,1,0
2013,125000,0,1,0,0,1,0
2019,60000,0,1,0,1,1,0
2008,70950,0,2,0,0,1,0
2007,120000,0,2,0,0,1,0
2017,60000,0,1,0,1,1,0
2018,15000,0,1,0,1,1,0
2000,80000,0,2,0,1,1,0
2011,135000,0,2,0,0,1,0
2014,58000,0,1,0,1,0,0
2017,25000,0,1,0,1,1,0
2017,25000,0,1,0,0,1,0
2007,98000,0,2,0,0,1,0
2010,87000,0,1,0,0,1,0
2017,60000,1,1,0,1,0,0
2012,45454,0,1,0,0,0,0
2012,80000,0,2,0,0,1,0
2011,90000,1,2,0,0,1,0
2013,125531,0,2,0,0,0,0
2014,60000,0,2,0,1,1,0
2013,80000,0,1,0,0,1,0
2015,70000,0,2,0,0,1,0
2010,180000,0,1,0,0,1,0
2014,70000,0,2,0,0,1,0
2015,65000,0,1,0,0,0,0
2015,60000,0,1,0,0,0,0
2012,120000,0,3,0,0,1,0
2014,35000,0,1,0,1,1,0
2015,50000,0,1,0,0,1,0
2009,140000,0,1,0,0,1,0
2016,20194,0,1,0,1,0,0
2014,50000,0,1,0,1,1,0
2016,25000,0,1,0,1,1,0
2011,120000,0,2,0,0,1,0
2017,30000,0,1,0,0,1,0
2018,20000,0,1,0,1,1,0
2018,35000,0,1,0,1,1,0
2013,110000,0,1,0,0,1,0
2015,30000,0,1,0,1,1,0
2020,1010,0,0,0,1,0,0
2013,58500,1,1,0,0,0,0
2012,110000,0,2,0,0,1,0
2018,30000,0,1,0,1,1,0
1998,80000,0,4,0,1,1,0
2013,45839,0,1,0,1,0,0
2006,50000,0,1,0,0,1,0
2017,20000,1,1,0,1,1,0
2019,60000,0,1,0,1,1,0
2013,120000,0,1,0,0,1,0
2015,35000,0,1,0,0,1,0
2012,120000,0,1,0,0,1,0
2004,60000,0,3,0,1,1,0
2015,110000,0,1,0,0,1,0
2016,50000,0,1,0,0,1,0
2015,46412,0,1,0,0,1,0
2008,175000,0,2,0,0,1,0
2015,32933,0,1,0,1,0,0
2005,60000,0,1,0,0,1,0
2011,90000,0,3,0,0,1,0
2013,70000,0,2,0,1,1,0
2010,70000,0,1,0,1,1,0
2015,32260,0,1,0,1,0,0
2008,90000,0,2,0,0,1,0
2017,30000,0,1,0,0,1,0
2010,120000,0,2,0,0,1,0
2015,60000,0,1,0,0,1,0
2011,63657,0,1,0,0,0,0
2017,26500,0,1,0,1,1,0
2001,70000,0,1,0,1,1,0
2016,155201,0,1,0,0,0,0
2005,56580,0,1,0,1,0,0
2012,60000,0,1,0,0,1,0
2015,66755,0,1,0,0,0,0
2014,97000,0,2,0,0,1,0
2015,14365,0,1,0,1,0,0
2016,30000,0,1,0,0,1,0
2016,40000,0,1,0,1,1,0
2005,92645,0,4,0,0,0,0
2015,42000,0,1,0,0,1,0
2020,90000,0,1,0,0,1,0
2015,30500,1,2,0,1,0,0
2017,31707,0,1,0,0,1,0
2018,17000,0,1,0,1,1,0
2012,50000,0,2,0,1,1,0
2015,53652,0,1,0,0,0,0
2017,24000,0,1,0,0,0,0
2003,110000,0,2,0,1,1,0
2016,60000,0,1,0,0,1,0
2010,60000,0,2,0,1,1,0
2018,10000,1,1,0,0,1,0
2016,70000,0,2,0,0,1,0
2014,59110,0,1,0,0,0,0
2007,90000,0,2,0,1,1,0
2014,46000,1,1,0,1,0,0
2008,120000,0,1,0,0,1,0
2011,60000,0,2,1,0,1,0
2011,200000,0,3,0,0,1,0
2013,120000,0,1,0,0,1,0
2010,100000,0,1,0,0,1,0
2010,90000,0,2,0,0,1,0
2014,110000,0,2,0,0,1,0
2016,37500,0,2,0,1,1,0
2018,10200,0,1,0,1,0,0
2011,37091,0,1,0,1,1,0
2010,70000,0,1,0,1,1,0
2014,42000,0,1,0,1,1,0
2015,60000,0,1,0,1,1,0
2010,88000,0,2,0,1,1,0
2016,40000,0,1,0,0,1,0
2014,141000,0,2,0,0,1,0
2006,222435,0,2,0,0,1,0
2010,70000,0,1,0,1,1,0
2018,13000,1,0,0,1,0,0
2005,4637,0,2,0,1,1,0
2013,98000,1,1,0,0,0,0
2020,1000,0,1,0,0,1,0
2016,80000,0,1,0,0,1,0
2015,60000,0,3,0,0,1,0
2014,107143,0,2,0,0,1,0
2017,40219,1,1,0,0,0,0
2015,52000,0,1,0,0,0,0
2008,110000,0,3,0,1,1,0
2014,30000,0,2,0,0,1,0
2014,80000,0,2,0,1,1,0
2009,50000,0,1,0,0,1,0
2001,60000,0,3,0,1,1,0
2018,12000,0,1,0,1,1,0
2006,66508,0,2,0,1,1,0
2014,70000,0,1,0,0,1,0
2007,60000,0,1,0,1,1,0
2011,60000,0,1,0,1,1,0
2015,104000,0,2,0,0,1,0
2010,120000,0,2,0,1,1,0
2012,55300,1,1,0,0,0,0
2008,81324,0,1,0,1,0,0
2017,57000,1,1,0,0,1,0
2018,25000,0,1,0,0,1,0
2011,33000,0,1,0,1,1,0
2017,44000,0,1,0,1,0,0
2015,60000,0,3,0,1,1,0
2018,20000,0,1,0,1,1,0
2012,296823,0,1,0,0,1,0
2015,60000,0,1,0,1,1,0
2013,33000,0,2,0,0,1,0
2013,55425,0,1,0,1,0,0
2009,78000,1,3,0,0,0,0
2016,60000,0,2,0,0,1,0
2018,38900,0,3,0,1,1,0
2017,25552,0,2,0,1,0,0
2017,10000,1,1,0,1,1,0
2008,40000,0,2,0,1,1,0
2013,70000,0,1,0,1,1,0
2019,24000,0,1,0,0,1,0
2013,82082,0,1,0,0,0,0
2016,43000,1,1,0,0,0,0
2014,110000,0,1,0,0,1,0
2016,30000,0,1,0,1,1,0
2001,256000,0,1,0,0,0,0
2012,90000,0,1,0,1,1,0
2006,100000,0,2,0,0,1,0
2012,295000,0,1,0,0,1,0
2012,60000,0,2,0,0,1,0
2015,20000,0,1,0,0,1,0
2010,90000,0,4,0,1,1,0
2017,60000,0,1,0,1,1,0
2016,5000,0,1,0,0,1,0
2012,110000,0,2,0,1,1,0
2016,60000,0,1,0,0,1,0
2016,80000,0,2,0,0,1,0
2014,260000,0,2,0,0,1,0
2014,27000,0,1,0,0,0,0
2014,48000,1,1,0,0,0,0
2012,172000,0,2,0,0,1,0
2018,40000,0,1,0,0,1,0
2006,60000,0,2,0,0,1,0
2019,25000,0,1,0,0,1,0
2018,16000,0,1,0,1,0,0
1998,40000,0,4,0,1,1,0
2006,30000,1,1,0,0,0,0
2006,245244,0,4,0,0,1,0
2012,250000,0,1,0,0,1,0
2005,100000,0,1,0,0,1,0
2004,90000,0,2,0,1,1,0
2012,60000,0,1,0,0,1,0
2007,50000,0,1,0,1,1,0
2018,20000,0,1,0,0,1,0
2018,1440,0,1,0,1,1,0
2017,14700,0,1,0,1,1,0
2015,120000,0,4,0,1,1,0
2013,35000,1,1,0,0,1,0
2015,40000,0,2,0,1,1,0
2014,70000,1,1,0,0,1,0
2011,120000,0,1,0,0,1,0
2009,90246,0,3,0,1,1,0
2017,80000,0,1,0,0,1,0
2011,100000,0,2,0,0,1,0
2017,19000,0,1,0,1,1,0
2017,10000,0,1,0,1,1,0
2013,100000,0,2,0,0,1,0
2017,20000,0,1,0,0,1,0
2015,100000,0,1,0,0,1,0
2014,90000,0,1,0,0,1,0
2017,78000,0,1,0,0,1,0
2012,235000,0,2,0,0,1,0
2019,10000,1,1,0,0,1,0
2017,10510,1,1,0,1,0,0
2010,47564,0,2,0,1,0,0
2011,180000,0,3,0,0,1,0
2011,66000,0,1,0,0,1,0
2015,30000,0,1,0,1,1,0
2017,30000,0,1,0,1,1,0
2018,54000,0,2,0,1,0,0
2008,102000,0,2,0,1,1,0
2003,50000,0,1,0,1,1,0
2008,90000,0,3,0,1,1,0
2010,163000,0,4,0,0,1,0
2015,60000,0,1,0,0,1,0
2014,100000,0,1,0,0,1,0
2015,15000,0,2,0,1,1,0
2015,100000,0,1,0,0,1,0
2015,58182,0,1,0,1,0,0
2015,55000,0,1,0,0,0,0
2012,33000,0,1,0,0,1,0
2011,140000,0,2,0,0,1,0
2013,60000,0,2,0,0,1,0
2015,30000,0,1,0,1,1,0
2016,25000,0,1,0,1,1,0
2015,50000,0,1,0,0,1,0
2016,35000,0,1,0,1,1,0
2006,50000,0,2,0,0,1,0
2017,42000,0,1,0,1,1,0
2018,70000,0,1,0,0,1,0
2015,100000,0,3,0,1,1,0
2014,60000,0,1,0,0,0,0
2014,40000,0,1,0,1,1,0
2017,23000,1,1,0,1,0,0
2014,244000,0,1,0,0,1,0
2014,79800,0,1,0,0,0,0
2011,118700,0,2,0,0,1,0
2016,23670,0,1,0,0,0,1
2017,110000,0,2,0,1,1,0
2014,28245,0,1,0,0,0,0
2011,90000,0,2,0,1,1,0
2015,77000,0,2,0,0,1,0
2019,30000,0,1,0,0,1,0
2013,120000,0,2,0,0,1,0
2015,90658,0,1,0,0,0,0
2007,50000,0,1,0,0,0,0
2017,50000,0,1,0,0,1,0
2015,100000,0,3,0,0,1,0
2013,210000,0,1,0,0,1,0
2012,39039,0,1,0,1,0,0
2013,100000,0,1,0,0,1,0
2017,30000,0,1,0,1,1,0
2009,120000,0,3,0,0,1,0
2011,60000,0,2,0,0,1,0
2011,55130,0,2,0,0,0,0
2012,60000,1,1,0,1,0,0
2010,130000,0,1,0,0,1,0
2010,60000,0,4,0,1,1,0
1999,2020,0,2,0,0,1,0
2016,80000,0,1,0,0,1,0
2019,5166,0,0,0,1,0,0
2009,20000,0,1,0,1,1,0
2011,60000,0,1,0,1,1,0
2012,55000,0,2,0,0,1,0
2017,5000,0,1,0,1,1,0
2007,100000,0,2,0,1,1,0
2010,110000,0,2,0,0,1,0
2019,8000,0,1,0,1,1,0
2014,81358,0,1,0,0,0,0
2015,70000,0,1,0,0,1,0
2017,50000,0,2,0,0,1,0
2009,200000,0,4,0,0,1,0
2015,50000,0,1,0,1,1,0
2001,97000,0,4,0,1,1,0
2010,150000,0,1,0,0,1,0
2018,20000,0,1,0,0,1,0
2017,31000,1,1,0,0,0,0
2019,100000,0,1,0,0,1,0
2011,80000,0,2,0,1,1,0
2012,60000,0,1,0,1,0,0
2012,185000,0,1,0,0,1,0
2018,38000,0,2,0,0,1,0
2005,70000,0,2,0,1,1,0
2015,66000,0,1,0,1,1,0
2010,60000,0,1,0,1,1,0
2016,60000,0,1,0,1,1,0
2015,70000,0,1,0,1,1,0
2017,18054,0,1,0,1,0,0
2011,50000,0,1,0,1,1,0
2018,60000,0,2,0,1,1,0
2020,1010,0,0,0,0,0,0
2012,92686,0,2,0,0,0,0
2003,80000,0,3,0,1,1,0
2008,50000,0,1,0,1,1,0
2001,70000,0,3,0,1,1,0
2013,80000,0,1,0,1,1,0
2014,77000,0,1,0,1,1,0
2015,100000,0,1,0,0,1,0
2014,75000,0,2,0,0,1,0
2012,55766,0,2,0,1,1,0
2012,90000,0,2,0,1,1,0
2016,60000,0,3,0,0,1,0
2014,90000,0,1,0,0,1,0
2018,30000,0,1,0,1,1,0
2013,93283,0,1,0,0,0,0
2014,58000,0,2,0,0,0,0
2007,100000,0,2,0,1,1,0
2018,15000,0,1,0,1,1,0
2017,60000,0,1,0,0,1,0
2016,25000,0,1,0,1,1,0
2017,40000,0,1,0,0,1,0
2016,43377,0,1,0,0,0,0
2014,120000,0,3,0,1,1,0
2015,50000,0,1,0,0,1,0
2017,50000,0,1,0,0,1,0
2013,50000,0,1,0,1,1,0
2012,44588,0,1,0,1,0,0
2010,45143,0,2,0,1,0,0
2016,60000,0,1,0,1,1,0
2012,47000,0,2,0,1,0,0
2011,60000,0,3,0,1,1,0
2009,230000,0,3,0,0,1,0
2015,35925,0,1,0,1,0,0
2008,70000,1,3,0,1,1,0
2015,70000,0,1,0,1,1,0
2007,180000,0,1,0,0,1,0
2013,70000,0,1,0,1,1,0
2011,60000,0,3,0,0,1,0
2014,80000,0,2,0,0,1,0
2013,55000,0,1,0,1,0,0
2014,99000,1,1,0,0,1,0
2010,60000,0,3,0,1,1,0
2017,60000,0,1,0,1,1,0
2014,79500,1,2,0,0,1,0
2018,22000,0,1,0,1,1,0
2012,120000,0,3,0,0,1,0
2016,60000,0,1,0,0,1,0
2019,15000,0,1,0,1,0,0
2010,48781,0,1,0,1,0,0
2011,108000,0,2,0,0,1,0
2011,70000,1,3,0,1,1,0
2019,22000,1,1,0,0,1,0
2012,40000,0,1,0,1,1,0
2015,140730,0,2,0,0,0,0
2017,35000,0,1,0,1,1,0
2017,40000,0,1,0,0,1,0
2014,66569,0,1,0,0,0,0
2012,80000,1,2,0,0,1,0
2014,110000,1,2,0,0,1,0
2007,60000,0,2,0,0,1,0
2005,60000,0,1,0,1,1,0
2016,25000,0,1,0,1,1,0
2013,180000,0,3,0,0,1,0
2009,87293,0,1,0,1,0,0
2016,28205,0,1,0,1,0,0
2007,50000,0,1,0,1,1,0
2014,50000,0,1,0,0,1,0
2006,70000,0,1,0,1,1,0
2017,30000,0,1,0,0,1,0
2015,60000,0,1,0,1,1,0
2006,120000,0,2,0,0,1,0
2014,63356,0,2,0,0,0,0
2013,87000,0,1,0,1,1,0
2012,120000,0,1,0,0,1,0
2019,20000,0,1,0,0,1,0
2007,81366,0,1,0,1,1,0
2014,90000,0,1,0,0,1,0
2006,96000,0,2,0,1,1,0
2012,42000,1,1,0,0,0,0
2009,30000,0,1,0,1,1,0
2020,1010,0,0,0,1,0,0
2015,90000,0,2,0,0,1,0
2008,120000,0,2,0,1,1,0
2018,68000,1,1,0,0,1,0
2015,70378,0,1,0,1,0,0
2011,120000,0,1,0,0,1,0
2019,35000,1,1,0,0,1,0
2012,110000,0,2,0,0,1,0
2011,51687,0,1,0,1,0,0
2019,10000,0,1,0,1,1,0
2012,60000,0,2,0,1,1,0
2018,80000,0,1,0,0,1,0
2012,59858,0,1,0,1,0,0
2018,60000,1,1,0,0,1,0
2014,15000,0,2,0,1,1,0
2014,39895,0,1,0,0,0,0
2018,10000,0,1,0,0,1,0
2014,66000,0,1,0,0,1,0
2011,100000,0,2,0,1,1,0
2014,50000,0,1,0,1,1,0
2013,37516,0,1,0,0,1,0
2015,60000,0,1,0,0,0,0
2015,50000,0,2,0,0,1,0
2019,15000,1,1,0,1,0,0
2019,60000,1,1,0,1,1,0
2016,40000,0,1,0,0,1,0
2014,30000,0,1,0,1,1,0
2012,60000,0,1,1,0,1,0
2012,77000,0,3,0,0,0,0
2015,60000,0,1,0,0,0,0
2017,49957,0,1,0,0,0,0
2015,70000,0,1,0,0,1,0
2019,50000,0,1,0,0,1,0
2017,120000,0,1,0,0,1,0
2017,50000,0,1,0,1,1,0
2007,70000,0,2,0,1,1,0
1997,70000,1,1,0,1,1,0
2018,26350,0,1,0,0,0,0
2009,89255,0,1,0,0,1,0
2013,90000,0,2,0,0,1,0
2019,25000,1,1,0,1,1,0
2009,106000,0,3,0,1,1,0
2009,130000,0,1,0,0,1,0
2009,70000,0,4,0,1,1,0
2012,140000,0,2,0,0,1,0
2004,46000,0,2,0,1,1,0
2015,140000,0,3,0,0,1,0
2012,120000,0,1,0,0,1,0
2013,86000,1,1,0,0,0,0
2014,90000,0,1,0,0,1,0
2016,40000,0,1,0,1,1,0
2016,90000,0,1,0,0,1,0
2013,56000,0,1,0,0,0,0
2017,51000,0,1,0,1,0,0
2012,70000,0,2,0,0,1,0
2010,70000,0,2,0,1,1,0
2020,1100,0,1,0,0,0,0
2012,48000,1,1,0,0,0,0
2010,144000,0,4,0,0,1,0
2013,50000,0,2,0,1,1,0
2016,22000,0,1,0,0,0,0
2015,14272,0,1,0,1,0,0
2014,120000,0,1,0,0,1,0
2017,18469,0,1,0,1,0,1
2009,40000,0,1,0,1,1,0
2019,13500,0,1,0,1,1,0
2014,13250,0,1,0,1,0,0
2012,58000,0,1,0,0,0,0
2004,60000,0,3,0,1,1,0
2009,60000,0,1,0,1,1,0
2018,35000,0,1,0,0,1,0
2012,80000,0,3,0,0,1,0
2016,60826,0,1,0,1,0,0
2013,52000,0,1,0,1,1,0
2017,65000,0,1,0,1,1,0
2016,30000,0,1,0,1,0,0
2008,130000,0,4,0,1,1,0
2015,28217,0,1,0,1,0,1
2007,170000,0,1,0,1,1,0
2014,102354,1,1,0,0,0,0
2020,101,0,0,0,0,0,0
2017,60800,0,1,0,1,1,0
2018,60000,0,1,0,1,1,0
2007,55000,0,2,0,1,1,0
2011,52895,0,1,0,0,0,0
2016,60000,0,1,0,1,1,0
2013,35000,0,1,0,1,1,0
2015,40000,0,1,0,1,1,0
2016,60000,0,1,0,0,1,0
2014,60516,0,1,0,1,1,0
2009,155000,1,3,0,0,1,0
2015,21000,0,1,0,1,1,0
1999,70000,0,2,0,1,1,0
2008,90000,0,2,0,1,1,0
2018,2650,0,1,0,0,0,0
2009,25000,0,1,0,1,1,0
2016,90000,0,2,0,0,1,0
2017,93000,0,1,0,1,0,0
2014,75000,0,2,0,0,1,0
2012,91245,0,1,0,0,0,0
2019,15000,0,1,0,1,1,0
2014,40000,0,2,0,1,1,0
2012,156000,0,1,0,0,1,0
2015,64484,0,1,0,1,0,0
2016,80000,0,1,0,0,1,0
2008,110000,0,3,0,0,1,0
2010,70000,0,3,0,1,1,0
2006,60000,0,1,0,0,1,0
2016,75000,0,1,0,0,1,0
2018,15000,0,1,0,1,1,0
2019,16000,1,1,0,1,1,0
2014,40000,0,1,0,1,1,0
2014,40000,0,1,0,0,0,0
2007,55800,0,2,0,1,1,0
2009,44800,0,2,0,1,1,0
2010,68000,0,2,1,0,1,0
2009,120000,0,3,0,0,1,0
2019,9000,0,1,0,0,0,0
2007,74183,0,2,0,1,1,0
2009,120000,0,2,0,0,1,0
2010,60000,0,2,0,0,0,0
1999,120000,0,2,0,1,1,0
2019,17000,0,1,0,1,1,0
2010,70000,0,1,0,1,1,0
2012,90000,0,1,0,0,1,0
2017,90000,0,1,0,0,1,0
2014,31491,0,1,0,1,1,0
2017,116000,0,1,0,0,1,0
2017,38000,0,1,0,1,0,0
2002,100000,0,3,0,1,1,0
2012,26000,0,1,0,0,1,0
2013,72000,0,1,0,0,1,0
2015,61658,0,1,0,0,0,0
2015,68308,0,1,0,0,0,1
2013,24005,0,1,0,1,1,0
2016,48220,0,1,0,1,0,0
2016,100000,0,1,0,0,1,0
2017,30000,0,1,0,1,1,0
2018,30000,1,1,0,0,1,0
2017,50000,0,1,0,1,1,0
2017,40000,0,1,0,0,1,0
2013,90000,0,2,0,0,1,0
2013,200000,0,1,0,0,1,0
2014,70000,0,2,0,0,1,0
2017,35000,0,1,0,0,1,0
2017,91195,0,1,0,0,0,0
2005,100000,0,3,0,1,1,0
2012,110000,0,1,0,0,1,0
2008,90000,0,3,0,0,1,0
2015,87000,0,1,0,0,1,0
2017,30000,0,1,0,0,0,0
2010,100000,0,1,0,0,1,0
2010,300000,0,3,0,1,1,0
2013,40000,0,1,0,0,1,0
2013,120000,0,1,0,0,1,0
2008,50000,0,2,0,1,1,0
2019,60000,0,2,0,0,1,0
2013,75800,1,2,0,0,0,0
2016,90000,0,1,0,0,1,0
2008,270000,0,3,0,0,1,0
2017,12000,0,1,0,0,1,0
2007,60000,0,2,0,1,1,0
2018,15000,0,1,0,1,1,0
2019,16000,0,1,0,1,1,0
2007,60000,0,2,0,1,1,0
2018,20000,0,1,0,1,1,0
2015,25000,0,1,0,1,1,0
2004,168000,0,4,0,0,1,0
2017,80000,0,1,0,0,1,0
2014,40000,0,1,0,1,1,0
2016,70000,0,2,0,1,1,0
2019,11240,0,1,0,1,1,0
2017,27000,0,1,0,1,0,0
2010,90000,0,2,0,1,1,0
2019,15000,0,1,0,0,1,0
2015,55000,0,2,0,0,1,0
2012,70000,0,1,0,0,1,0
2018,26000,0,1,0,0,0,0
2018,10000,1,1,0,0,1,0
2018,22000,0,1,0,1,1,0
2016,39503,0,1,0,0,0,0
2008,75000,0,2,0,1,1,0
2007,110000,0,2,0,1,1,0
1997,120000,0,3,0,0,1,0
2012,40700,0,1,0,1,1,0
2018,52000,0,1,0,0,1,0
2011,105000,0,1,0,0,0,0
2008,70000,0,1,0,0,1,0
2014,30000,0,1,0,1,1,0
2015,110000,0,2,0,0,1,0
2012,145000,0,1,0,0,1,0
2019,105000,1,1,0,0,0,0
2012,110000,0,3,0,1,1,0
2013,90000,0,2,1,0,1,0
2017,18591,0,1,0,1,0,0
2015,41025,1,1,0,1,0,0
2015,55000,0,1,0,0,0,0
2015,58000,0,1,0,0,1,0
2009,41090,0,1,0,1,1,0
2016,85000,0,1,0,0,1,0
2007,120000,0,1,0,0,1,0
2017,60000,0,1,0,0,1,0
2012,80000,0,1,0,0,1,0
2008,100000,0,1,0,1,1,0
2014,200000,0,2,0,0,1,0
2013,59000,1,1,0,0,0,0
2008,90000,0,2,0,1,1,0
2015,60000,0,1,0,0,1,0
2013,110000,0,2,0,0,1,0
2018,70000,0,1,0,1,1,0
2008,120000,0,1,0,1,1,0
2018,35000,0,1,0,1,1,0
2018,30000,0,1,0,1,1,0
2008,90000,0,1,0,1,1,0
2017,80000,1,1,0,0,1,0
2011,120000,0,1,0,0,1,0
2009,182000,0,3,0,0,1,0
2018,15000,0,1,0,1,1,0
2010,90000,0,2,0,1,1,0
2016,60000,0,1,0,0,1,0
2011,70000,0,1,0,0,1,0
2012,60000,0,1,0,0,1,0
2014,40000,0,3,0,0,1,0
2011,280000,0,1,0,0,1,0
2015,104000,0,2,0,0,1,0
2017,32077,0,1,0,0,0,1
2019,8000,0,1,0,0,1,0
2015,70000,0,3,0,0,1,0
2011,65000,0,2,0,0,1,0
2009,70000,0,2,0,0,1,0
2015,70000,0,1,0,0,1,0
2011,65000,0,1,0,0,0,0
2018,15000,0,1,0,0,1,0
2014,234000,0,1,0,0,1,0
2007,100000,0,2,0,1,1,0
2015,60000,0,1,0,0,1,0
2011,72000,0,1,0,1,0,0
2012,80000,0,1,0,0,1,0
